analysisSingularTheme,analysisThemeCV,lexiconGender,lexiconGlossEnglish,lexiconGlossFrench,recordID,syllabifiedTheme
lmʕzz,CCCCC,F,affection,affection,1,lm.ʕz.z
lʕssa,CCCCV,F,act of standing on guard or watch,la garde,2,
!lkdran,CCCCVC,M,tar,goudron,3,
lʕum,CCVC,M,swimming,nage,4,
!drikuk,CCVCVC,M,horsefly,taon,5,
ajdr,VCCC,F,stubble,chaume,6,
gʃrir,CCCVC,F,balance (tool),balance,7,
χʷsmar,CCCVC,F,beardless chin,menton imberbe,8,
lħsab,CCCVC,F,calculation,calcul,9,
ktatbi,CCVCCV,F,activity of a public writer,activité d'un écrivain public,10,
!mʃʃurda,CCCVCCV,F,participation in the maintenance of the fqih,participation à l'entretien du fqih,11,
!mʃʃuwra,CCCVCCV,F,consultation,concertation,12,
!mħħudra,CCCVCCV,F,quality of a quran learner,qualité d'un apprenant du coran,13,
!mrrujsa,CCCVCCV,F,"leadership, responsibility of a leader, quality of a leader",charge de chef,14,
mssufra,CCCVCCV,F,journey,voyage,15,
nffulsa,CCCVCCV,F,guarding,gardienage,16,
nllumda,CCCVCCV,F,learning,apprentissage,17,
nmmuʁra,CCCVCCV,F,notability,notabilité,18,
nqqurfa,CCCVCCV,F,drought,sécheresse,19,
nttulfa,CCCVCCV,F,bewilderment,égarement,20,
!ntturfa,CCCVCCV,F,isolation,isolement,21,
!nttujfa,CCCVCCV,F,???,???,22,
nzzumma,CCCVCCV,F,stench,puanteur,23,
ammaj,VCCVC,M,To do,To do,24,
!dduggla,CCVCCCV,F,quality of being in a in-law relationship,relation belle-famille,25,
mmussna,CCVCCCV,F,awareness,connaissance,26,m.mus.s.na
!mmuttla,CCVCCCV,F,delay,retard,27,
mmuzzla,CCVCCCV,F,brokerage,courtage,28,
ʃʃurfa,CCVCCV,F,holiness,sainteté,29,
ʃʃurka,CCVCCV,F,association,association,30,
!dduʒra,CCVCCV,F,neighborhood,voisinage,31,
mmuʁra,CCVCCV,F,notability,notabilité,32,
mmuksa,CCVCCV,F,problematic situation,situation problématique,33,
mmunja,CCVCCV,F,horse riding,équitation,34,
mmuzʁa,CCVCCV,F,"Amazighity, freedom","Amazighité, liberté",35,
nnubga,CCVCCV,F,"invitation, visit","invitation, visite",36,
rrugza,CCVCCV,F,virility,virilité,37,
rruksa,CCVCCV,F,blend,mélange,38,
ttulba,CCVCCV,F,quality of having the duty of a taleb,charge du taleb,39,
wwurga,CCVCCV,F,dream,rêve,40,
skazzaj,CCVCCVC,M,screeching,crissement,41,
aga,VCV,F,curse,malédiction,42,
adaw,VCVC,F,back (of animal),dos (animal),43,
guri,CVCV,F,oversize,dépassement en taille,44,
mafaman,CVCVCVC,M,dowser,sourcier,45,
!agʷrd,VCCC,M,"back, rear",arrière,46,
sksl,CCCC,M,type of window,type de fenêtre,47,
smkl,CCCC,M,food container,récipient pour nourriture,48,
mʕʃʃr,CCCCC,M,"fellow, companion",compagnon,49,
,,M,nonsense,balivernes,50,
ssndu,CCCCV,M,wooden shaker of a wineskin for churning milk (for butter),mancheron d'outre (lait),51,s.sn.du
mndi,CCCV,M,"grains, cereals","grains, céréales",53,
!frziz,CCCVC,M,gourd,coloquinte,54,
aʒʒgal,VCCCVC,M,kind of bag or satchel,sorte de sac ou gibecière,55,
kntur,CCCVC,M,goat,bouc,56,
sbbab,CCCVC,M,person who helps with birth,personne qui aide à la mise bas,58,
swi,CCV,M,animal stomach contents,contenu de l'estomac animal,59,
!ʃbar,CCVC,M,promontory dominating a locality,promontoire dominant une localité,60,
ussif,VCCVC,M,splinter,écharde,61,
uzlim,VCCVC,M,scissors,ciseaux,62,
msijjs,CCVCCC,M,tamer,dompteur,63,
!ʃbaru,CCVCV,M,a kind of plant,,64,
ħbari,CCVCV,M,type of horse,type de cheval,65,
ndaru,CCVCV,M,someone who shares a meal,qui partage le repas,66,
adaj,VCVC,M,toponym,toponyme,67,
satm,CVCC,M,niche,niche,68,
miri,CVCV,M,agricultural terrace,terrasse agricole,69,
!mazuz,CVCVC,M,grown late in the agricultural year,cultivé tard dans l'année agricole,70,
gʷilal,CVCVC,M,kind of horse with long mane (foal),à longue crinière (poulain),78,
kʷndrris,CCCCCVC,F,"giblets, salted and dried","abattis, salés et séchés",79,
lmgzzr,CCCCCC,F,slaughterhouse,abattoir,80,
stara,CCVCV,M,"chords (music), musical preamble","accords (musique), préambule musical",83,
nrbi,CCCV,F,given birth,accouchée,84,
msaʁ,CCVC,F,purchase,achat,86,
msaʁ,CCVC,M,buyer,acheteur,88,
slum,CCVC,M,act of swallowing a powder,acte d'avaler une poudre,89,s.lum
slaj,CCVC,M,act of grilling,acte de griller,90,
skkir,CCCVC,M,"act, attitude","acte, attitude",91,
!mʕʃur,CCCVC,M,actor carnival,acteur de carnaval,92,
krraf,CCCVC,F,Action to attach,action d'attacher,93,
ssndu,CCCCV,M,churning action,action de baratter (secouer l'outre),94,
ukkim,VCCVC,F,beating,action de battre,95,
!ħttu,CCCV,M,act of hiding,action de cacher,96,
arrag,VCCVC,M,act of breaking,action de casser,97,
biks,CVCC,M,act of girding,ceinture,99,
addal,VCCVC,M,"act of covering, shawl","action de couvrir, châle",100,
guni,CVCV,F,"act of sleeping, sleep","action de dormir, se coucher",101,
sggiwr,CCCVCC,M,act of sitting,action d'asseoir,102,
sbaqqaj,CCVCCVC,F,"act of bursting, explosion","action de faire éclater, explosion",103,
ssufʁ,CCVCC,M,act of bringing out ,action de faire sortir,104,
!kttu,CCCV,M,act of sniffing,action de flairer,105,
ʃubbu,CVCCV,M,act of searching,action de fouiller,106,
ijji,VCCV,F,act of striking,action de frapper,107,
lkmi,CCCV,F,act of smoking,"action de fumer, de quoi fumer",108,
!mdaj,CCVC,M,act of tasting,action de goûter,109,
mʁuri,CCVCV,F,"act of growing, greatness","action de grandir, grandeur",110,
draw,CCVC,M,act of eating in community,action de manger en communauté,111,
zdaj,CCVC,F,act of putting side by side,action de mettre côte à côte,112,
smal,CCVC,M,act of showing,action de montrer,113,
!zid,CVC,M,"act of grinding, ground grain","action de moudre, grain moulu",114,
ʃtibbʃ,CCVCCC,M,act of wading,action de patauger,115,ʃ.tib.bʃ
attaf,VCCVC,M,act of plucking,action de plumer,117,
sali,CVCV,M,act of carrying over the shoulder,action de porter en bandoulière,118,
srus,CCVC,M,act of placing,action de poser,119,
sdal,CCVC,M,act of covering,action de recouvrir,120,
mmussu,CCVCCV,M,act of stirring,action de remuer,121,
skubbr,CCVCCC,M,act of squatting,action de s'accroupir,123,
giwr,CVCC,M,"act of sitting, sitting position","action de s'asseoir, station assise",124,
untla,VCCCV,F,act of hiding,action de se cacher,125,
ankra,VCCCV,F,act of getting up,"action de se lever, rut",126,
ikni,VCCV,F,act of leaning,action de se pencher,127,
kʷttaj,CCCVC,M,act of remembering,action de se souvenir,128,
ʒgugl,CCVCC,M,act of suspending ...,action de se suspendre à...,129,
!sud,CVC,M,"action of blowing (pejorative), anus (by metonymy)","action de souffler (péj.), anus (par métonymie)",130,
sram,CCVC,M,act of sharpening,action de tailler,131,
!duri,CVCV,F,act of falling,action de tomber,132,
!mʒikrr,CCVCCC,F,act of dragging,action de trainer,133,
awwaj,VCCVC,M,act of carrying,action d'emmener,134,
nggas,CCCVC,M,act of goring,"action d'encorner, coup de tête",135,
zlam,CCVC,M,act of foreseeing,action d'entrevoir,136,
!sgruʒʒm,CCCVCCC,M,unfinished action,"action inachevée, suspens",137,
skkujs,CCCVCC,M,way of sitting,"action, manière de s'asseoir",138,
snufl,CCVCC,M,panic,affolement (sens propre),139,
mχzni,CCCCV,M,enforcement officer (mokhazni),agent de l'autorité (mokhazni),140,
lqqaʕ,CCCVC,M,lamb,agneau,142,
ʕwin,CCVC,M,aid,aide,143,ʕ.win
awwas,VCCVC,M,aid (act of helping someone),aide,144,
gidr,CVCC,M,"eagle, hawk","aigle, faucon",147,
smmum,CCCVC,M,sour,aigre,148,
ismmji,VCCCCV,F,"bitterness, acidity","aigreur, acidité",149,
ssgni,CCCCV,F,needle,aiguille,150,
nzl,CCC,M,sting,aiguillon,151,
mhmaz,CCCVC,M,sting,aiguillon,152,
nʁuz,CCVC,M,sting,aiguillon,153,
saqqʷs,CVCCC,M,sting,"aiguillon, dard",154,
fras,CCVC,M,sharpening,aiguisage,156,
fr,CC,F,wing,aile,159,
fr,CC,M,"leaf, wing",feuille,160,
nrar,CCVC,M,area,aire,162,
luqqid,CVCCVC,M,match,allumette,165,
!lʕjud,CCCVC,M,lark,alouette,166,
alluz,VCCVC,M,almond,amande,169,
ħbib,CCVC,M,lover,amant,170,
hwawi,CCVCV,M,lover of music and singing,amateur de musique et de chant,171,
!mirzig,CVCCVC,M,bitter (almond),amer (amandes),172,
mddakkʷl,CCCVCCC,M,friend,ami,173,
iddukkla,VCCVCCCV,F,friendship,amitié,174,
ajri,VCCV,F,love,amour,175,
ħubban,CVCCVC,M,love (pejorative).,amoureux (péj.),176,
lbbiʁ,CCCVC,F,bulb (skin irritant),ampoule (iritation de la peau),177,
!lhdr,CCCC,F,"fun, party","amusement, fête",178,!lh.dr
rggim,CCCVC,F,"curse, insult","anathème, insulte",179,
qdim,CCVC,M,old,ancien,180,
ʁjjul,CCCVC,M,donkey,âne,182,
!azʁa,VCCV,M,angina,"amygdales, angine",183,
χlχal,CCCVC,M,ring,anneau,184,
sggʷas,CCCVC,M,year,année,185,
lbriħ,CCCVC,M,"announcement of news, shouted","annonce d'une nouvelle, criée",186,
sadmr,CVCCC,M,call,appel,190,
mgrud,CCCVC,M,"tamed, domesticated",apprivoisé,192,
addaj,VCCVC,M,support,appui,193,
dggʷa,CCCV,F,afternoon,après-midi,195,
aʕrab,VCCVC,M,Arabic,arabe,196,
addag,VCCVC,M,"tree, bush","arbre, buisson",197,
qarid,CVCVC,M,money,argent,198,
lkkum,CCCVC,M,arrival,arrivée,201,
ssʁʷli,CCCCV,M,ascension,ascension,204,
zwag,CCVC,M,"asylum, exile","asile, exil",205,
snus,CCVC,M,non-adult donkey,ânon,206,
uʃʃrka,VCCCCV,F,association,association,208,
mʃʃrk,CCCCC,M,partner,associé,209,
ʃrik,CCVC,M,partner,associé,210,
nkruf,CCCVC,M,"attached, hampered","attaché, entravé",211,
!nbbarsu,CCCVCCV,M,person suffering from depigmentation of the skin (vitiligo),atteint de vitiligo,213,
ziwal,CVCVC,M,person suffering from strabismus,atteint de strabisme,214,
sds,CCC,M,trough,auge,215,s.ds
!lfttr,CCCCC,F,alms given at Eid al-Fitr (Festival of sweets),aumône donnée à l'Aïd al fitr,216,
!ʃʃaħur,CCVCVC,M,miser,avare,219,
!bukad,CVCVC,M,blind person,aveugle,220,
llhf,CCCC,M,greed,avidité,222,
draj,CCVC,M,abortion,avortement,229,
duku,CVCV,M,slipper,babouche,231,
arras,VCCVC,F,broom,balai,233,
alaj,VCVC,F,broom,balai,234,
ʒgugl,CCVCC,M,"swing, hammock, cradle","balançoire, hamac, berceau",235,
arras,VCCVC,M,sweep,balayage,236,
kur,CVC,F,ball,balle,238,
ukris,VCCVC,M,bundle,balluchon,240,
ʃddad,CCCVC,M,headband,bandeau,241,
gra,CCV,M,tub,baquet,242,
amar,VCVC,M,beard,barbe,243,
!ʃnid,CCVC,M,hinny,bardot,244,
!brhuʃ,CCCVC,M,motley,bariolé,245,
!krkad,CCCVC,M,motley,bariolé,246,
ʁrrabu,CCCVCV,M,small boat,barque,247,
!barku,CVCCV,M,barque,barque,248,
zddar,CCCVC,M,"low, lower","bas, inférieur",249,
!barra,CVCCV,M,tail (piece of clothing),basque,250,
!banna,CVCCV,M,tail (piece of clothing),"basque, pan",251,
frwal,CCCVC,M,tails (piece of clothing),basques,252,
ħlajs,CCVCC,M,pack,bât,255,ħ.la.js
ħħram,CCCVC,M,"bastard, scoundrel ...","bâtard, canaille...",256,
kuraj,CVCVC,M,stick,bâton,257,
!χʷbbat,CCCVC,F,bat,batte,258,
suff,CVCC,M,"balloon, cavity formed by an intestine",baudruche,261,
bʒʒaq,CCCVC,M,"talkative, snob","bavard, snob",262,
lddaj,CCCVC,M,slime,bave,263,
mrmur,CCCVC,M,slime,bave,264,
falkaj,CVCCVC,M,beautiful,beau,265,
rbib,CCVC,M,"son-in-law, daughter-in-law",beau-fils,266,
fulki,CVCCV,M,beauty,beauté,267,
ʁnzur,CCCVC,M,beak,bec,268,
!frjad,CCCVC,M,"harelip, cleft lip",bec de lièvre,269,
qaddim,CVCCVC,M,spade,bêche,271,
!grwaz,CCCVC,M,person who lisps,personne qui zozote,272,
tmtam,CCCVC,M,stutterer,bègue,273,
tftaf,CCCVC,M,undecided,indécis,274,
zimmr,CVCCC,M,ram,bélier,275,
ħuli,CVCV,M,ram,bélier,276,
mrdi,CCCV,N,blessed,béni,277,
mbarki,CCVCCV,N,blessed,béni,278,
nuhnnu,CVCCCV,M,rocking,bercement,279,
duhdu,CVCCV,M,"rocking, quiet","bercement, calme",280,
mksa,CCCV,M,shepherd,berger,281,
bidun,CVCVC,M,can,bidon,282,
bzg,CCC,M,jewel,bijou,283,bzg
sgdl,CCCC,M,chopping block,billot,285,
umlil,VCCVC,M,white,blanc,286,
mlli,CCCV,M,"whiteness, skin disease","blancheur, maladie de la peau",287,
ird,VCC,M,wheat,blé,288,
znbu,CCCV,M,early wheat,blé précoce,289,
magus,CVCVC,M,injured,blessé,290,
iggs,VCCC,F,injury,blessure,293,
aggas,VCCVC,M,injury,blessure,294,
mraz,CCVC,M,head injury,blessure à la tête,295,
ʃhbun,CCCVC,M,blond,blond,296,
zgr,CCC,M,beef,boeuf,297,
funas,CVCVC,F,beef,boeuf,298,
ssrʁu,CCCCV,M,firewood,bois à brûler,299,
!bidr,CVCC,M,limp,boîtement,300,
!bidar,CVCVC,M,lame,boîteux,301,
ama,VCV,F,edge,bord,303,
ir,VC,M,edge,bord,304,
mknanu,CCCVCV,M,hunchback,bossu,305,
nkkur,CCCVC,M,goat,bouc,306,
kru,CCV,M,goat,bouc,307,
!aʁad,VCVC,M,goat,bouc,308,
bukir,CVCVC,M,goat,"bouc, caprin",309,
imi,VCV,M,mouth,bouche,310,
gzzar,CCCVC,M,butcher,boucher,311,
saqqun,CVCCVC,F,plug,bouchon,313,saq.qun
χχummi,CCVCCV,M,sulk,bouderie,315,
!bluz,CCVC,M,mud,boue,318,
allaʁ,VCCVC,F,mud,boue,319,
flufu,CCVCV,M,"bubbling, foaming","bouillonnement, écume",323,
ʕbbud,CCCVC,M,pellet,boulette,325,
!bggar,CCCVC,M,"herdsman, cowherd",bouvier,326,
mugaj,CVCVC,M,cattle,bovin,327,
!sħurru,CCVCCV,M,braying,braiement,328,
!sskkid,CCCCVC,M,branch (of a tree),branche,331,
iʁil,VCVC,M,"arm, bent","bras, coudée",332,
lgammu,CCVCCV,M,flange,bride,333,
!qttaʕ,CCCVC,M,"brigand, bandit",brigand,334,
aqqur,VCCVC,F,"noise, tumult","bruit, tumulte",338,
!mħrug,CCCVC,M,burnt,brûlé,339,
ħrrig,CCCVC,M,"burning, sharp pain","brûlure, douleur vive",342,
ʃddir,CCCVC,M,"bush, thicket","buisson, fourré",343,
slħam,CCCVC,M,burnous,burnous,344,
χnif,CCVC,M,burnous,burnous,345,
χidus,CVCVC,M,burnous,burnous,346,
!ħdu,CCV,M,stash,cachette,350,
gʒdmmur,CCCCCVC,M,parched cactus,cactus désséché,351,
!bbindr,CCVCCC,M,cockroach,cafard,352,
lkʷnnaʃ,CCCCVC,M,notebook,cahier,353,
!ħttid,CCCVC,M,clot,caillot,354,
ħzzar,CCCVC,M,cajolery,cajôlerie,356,ħz.zar
ħsasbi,CCVCCV,M,"calculating, scheming person",calculateur,357,
ʕkkaz,CCCVC,M,cane,canne,359,
qlmun,CCCVC,M,cap,capuchon,360,
asqaqaj,VCCVCVC,F,cackling,caquetage,361,
qllal,CCCVC,M,"carafe, head (pejorative).","carafe, tête (péj.)",363,
!mʃd,CCC,M,card,carde,364,
qrʃal,CCCVC,M,card,carde,365,
!kid,CVC,N,carob tree,caroubier,367,
uzun,VCVC,M,square of cultivated land,carré de terre cultivée,369,
ʒʒlliʒ,CCCCVC,M,tile,carreau,370,
mazzr,CVCCC,M,cascade,cascade,371,
mrrag,CCCVC,M,"breaker (e.g., stone breaker)",casseur,375,
msnaj,CCCVC,M,horse rider,cavalier,378,
mnaj,CCVC,M,horse rider,cavalier,379,
mkrud,CCCVC,M,what or who is scratched,ce ou celui qui est gratté,380,
!bukd,CVCC,M,blindness,cécité,381,
bikks,CVCCC,M,belt,ceinture,384,
aggʷs,VCCC,F,belt,"ceinture, ceinturon",385,
ʕzri,CCCV,M,single,célibataire,386,
bʃʃar,CCCVC,M,one who announces ...,celui qui annonce...,387,
msgilli,CCCVCCV,M,one who swears,celui qui fait jurer,388,
mgilli,CCVCCV,M,one who swears,celui qui jure,389,
mrgul,CCCVC,M,one that locks,celui/celle qui verrouille,390,
iʁd,VCC,M,ash,cendre,391,
uʃʃn,VCCC,M,jackal,chacal,392,uʃ.ʃn
mlħaf,CCCVC,M,shawl,châle,394,
irʁi,VCCV,F,heat,chaleur,396,
ħanu,CVCV,M,room,chambre,397,
!rʕm,CCC,M,camel,chameau,398,
rffak,CCCVC,M,chamel driver,chamelier,399,
igr,VCC,M,field,champ,400,
gʷrsl,CCCC,M,mushroom,champignon,401,
urar,VCVC,M,"singing, song","chant, chanson",402,
marg,CVCC,M,"singing, poetry","chant, poésie",403,
marir,CVCVC,M,singer,chanteur,405,
mtʃi,CCCV,M,weevil,charançon,406,
akuz,VCVC,M,weevil,charançon,407,
awgga,VCCCV,M,"load, burden (like carrying wood)",charge,408,
!midrus,CVCCVC,M,carrion,charogne,410,
skrz,CCCC,M,plow,charrue,411,
wwullu,CCVCCV,M,plow,charrue,412,
gʷmr,CCC,F,hunting,chasse,413,
ngʷmr,CCCC,F,"hunting, fishing","chasse, pêche",414,
ngʷmar,CCCVC,M,hunter,chasseur,417,
!sjjad,CCCVC,M,"hunter, fisherman","chasseur, pêcheur",418,
!muʃʃ,CVCC,M,cat,chat,419,
msruj,CCCVC,M,"skin abrasion, like a skinned knee","chauve, pelé",420,
ʁaras,CVCVC,M,path,chemin,421,
gʷmar,CCVC,M,horse (intended for breeding),Etalon,423,
ajjis,VCCVC,M,horse,cheval,424,aj.jis
!kitar,CVCVC,M,horse,cheval,425,
azzar,VCCVC,M,hair,cheveux,426,
ʁʒd,CCC,M,kid (small goat),chevreau,428,
bʒgi,CCCV,M,"chichi, fuss",chichi,429,
ajdi,VCCV,M,dog,chien,430,
kzin,CCVC,M,dog,chien,431,
!uskaj,VCCVC,M,dog,chien,432,
!ʃrwid,CCCVC,M,cloth,chiffon,435,
blbbuz,CCCCVC,M,puppy,chiot,436,
ʃlħi,CCCV,M,speaker of Tashlhiyt,chleuh,437,
ʁawsa,CVCCV,F,thing,chose,438,
!rumi,CVCV,M,Christian,chrétien,439,
sraj,CCVC,M,"fall of feathers, of hair ...","chute de plumes, de poils...",440,
gzzaj,CCCVC,F,"vaccination scar, scarification","cicatrice de vaccination, scarification",441,
gnna,CCCV,M,sky,ciel,442,
bllarʒ,CCCVCC,M,stork,cigogne,443,
afa,VCV,M,"top (of tree, mountain)",cime,444,
!smdl,CCCC,M,cemetery,cimetière,445,
χʷmasi,CCVCV,M,fifth,cinquième,447,
ħʒʒam,CCCVC,M,"circumciser, hairdresser","circonciseur, coiffeur",449,
aχsaj,VCCVC,F,pumpkin,citrouille,451,
!msmar,CCCVC,M,nail,clou,453,
ul,VC,M,heart,coeur,454,
lʕʃr,CCCC,F,cohabitation,cohabitation,457,
ʁʷmmir,CCCVC,M,corner,coin,459,ʁʷm.mir
uqqu,VCCV,F,coitus,coït,460,
,,M,coitus,coït,461,
ttqlliqa,CCCCCVCV,F,anger,colère,463,
mqllq,CCCCC,M,someone who is choleric or anxious,colèreux,464,
!rmmad,CCCVC,M,colic,colique,465,
zlag,CCVC,M,braided wire necklace,collier en fil tressé,466,
ldi,CCV,F,plow draw collar,collier de tirage de charrue,467,
ala,VCV,F,hill,colline,470,
awrir,VCCVC,M,hill,colline,471,
milla,CVCCV,F,dove,colombe,472,
ʃamuʃ,CVCVC,M,column,colonne,473,
dχʷs,CCC,M,colostrum,colostrum,475,
bddu,CCCV,M,beginning,commencement,476,
mawal,CVCVC,M,"commentary, dictionary","commentaire, dictionnaire",478,
smmun,CCCVC,M,companion,compagnon,479,
smun,CCVC,M,companion,compagnon,480,
lfham,CCCVC,F,comprehension,compréhension,481,
lħsab,CCCVC,M,"account, calculation","compte, calcul",483,
mglaj,CCCVC,M,conductor of beasts,conducteur de bêtes,486,
glaj,CCVC,M,conduct,conduite,489,
baraz,CVCVC,M,showdown,confrontation,490,
siʁaʁ,CVCVC,M,conger (fish),congre,491,
awsna,VCCCV,F,knowledge,connaissance,492,
lbni,CCCV,M,construction,construction,494,
!mʃiwr,CCVCC,M,"consultation, negotiation","consultation, négociation",496,!m.ʃi.wr
uraw,VCVC,M,contents of two clasped hands,contenu de deux mains jointes,497,
slajmi,CCVCCV,M,converted to Islam,converti à l'islam,498,
mdraw,CCCVC,M,guest,convive,499,
sram,CCVC,M,shavings,copeau,501,
fullus,CVCCVC,M,chicken / rooster,poulet / coq,503,
gajwar,CVCCVC,M,raven,corbeau,504,
zikr,CVCC,M,rope,corde,505,
dinan,CVCVC,M,chord (music),corde (musique),506,
!gttus,CCCVC,M,thick rope,corde épaisse,507,
isk,VCC,M,horn,corne,509,
ʁzdis,CCCVC,M,rib,côte,510,
sawn,CVCC,M,coast,côte,511,
!mggrd,CCCCC,M,"neck, neck","cou, nuque",512,
awrʁi,VCCCV,F,yellow,couleur jaune,516,
ʁgʷmmi,CCCCV,M,corridor,couloir,517,
dasil,CVCVC,M,kick,coup de pied,518,
abbaj,VCCVC,M,cut,coupure,521,
sarag,CVCVC,M,"courtyard, patio","cour, patio",522,
azzla,VCCCV,F,action of running,course,525,
iʁira,VCVCV,F,action of running,course,527,
gzzajlu,CCCVCCV,M,"person who is short, small","court, de petite taille",528,
dllal,CCCVC,M,broker,courtier,529,
!smsar,CCCVC,M,broker,courtier,530,
sksu,CCCV,F,couscoussier,couscoussier,531,
ajjaw,VCCVC,M,"Grandson or granddaughter (by extension cousin, nephew)","Petit-fils (par ext. cousin, neveu)",532,aj.jaw
gni,CCV,F,sewing,couture,533,
sdl,CCC,M,lid,couvercle,535,
srgul,CCCVC,M,lid,couvercle,536,
!frsad,CCCVC,M,blanket,couverture,537,
ʕban,CCVC,M,blanket,couverture,538,
faggu,CVCCV,M,blanket,couverture,539,
aduli,VCVCV,F,"cover, ceiling","couverture, plafond",540,
mdlls,CCCCC,F,twilight,crépuscule,543,
qaʃʃa,CVCCV,F,crest,crête,544,
ʁuzi,CVCV,F,excavation,creusage,545,
ʁʷjji,CCCV,F,cry,cri,547,
!butztaz,CVCCCVC,M,one who cries disagreeably,criard,548,
fif,CVC,M,screening (sifting and sorting),criblage,549,
brraħ,CCCVC,M,"town crier, Bellman",crieur public,552,
!nzad,CCVC,M,horsehair,crin,553,
ftas,CCVC,M,creek,crique,554,
agl,VCC,M,fang,molaire,556,
kʷlib,CCVC,M,wooden hook,crochet en bois,557,
furi,CVCV,F,crust (due to a disease of the skin),croûte (due à une maladie de la peau),559,
mumn,CVCC,M,believer,croyant,560,
buqqal,CVCCVC,M,"pitcher, jug",cruche,561,
qnqum,CCCVC,M,bronze jug,cruche en bronze,562,
nwal,CCVC,M,kitchen,cuisine,565,
nwi,CCV,F,"baking, cooking",cuisson,566,
!gruʒʒm,CCVCCC,M,Incomplete cooking incompleteness,"cuisson incomplète, incomplétude",567,!g.ruʒ.ʒm
anas,VCVC,M,copper (copper vessel),cuivre rouge (récipient en cuivre rouge),568,
χʷna,CCV,M,"ass, rump",cul,569,
!sud,CVC,M,"ass, rump",cul,570,
gnunni,CCVCCV,F,somersault,culbute,571,
fllaħ,CCCVC,M,cultivator,cultivateur,574,
ħwajʃ,CCVCC,M,group dance,danse collective,575,
!ʒndid,CCCVC,M,stinger,dard,578,
!ʒnʒid,CCCVC,M,stinger,dard,579,
sbbaqqs,CCCVCCC,M,stinger (insect),dard (d'insecte),581,
nggu,CCCV,M,of same age masc.,de même âge masc.,583,
nfsad,CCCVC,M,debauched person,débauché,584,
ʃrrig,CCCVC,M,tear,déchirure,586,
,,M,tears,déchirures,587,
frak,CCVC,M,"discovery, enlightenment (intellectual), divination","découverte, éveil (intellectuel), divination",588,
ʁuʒbu,CVCCV,M,disgust,dégoût,591,
mkli,CCCV,M,breakfast,déjeûner,593,
nwwaʃ,CCCVC,M,informer,délateur,594,
rwwaj,CCCVC,M,padding,délayage,595,
bʒwaj,CCCVC,M,delirium,délire,596,
fukku,CVCCV,M,"release of someone, liberation",délivrance,599,
zgn,CCC,M,half,demi,605,
χllu,CCCV,M,demolition,démolition,607,
aχʷs,VCC,M,tooth,dent,608,
zuzzr,CVCCC,M,threshing of wheat,dépiquage de blé,613,
rrwa,CCCV,M,threshing ...,dépiquage...,614,rr.wa
ʁuni,CVCV,F,spite,dépit,616,
sitti,CVCCV,M,displacement,déplacement,617,
!bdan,CCVC,M,skin of animal,dépouille,618,
!gʷʒdad,CCCVC,M,"animal without tail, can be used figuratively to humans",dépourvu de queue,619,
nakuf,CVCVC,M,uprooted plant or herb,déraciné,620,
ukuf,VCVC,M,"rootlessness, detachment","déracinement, détachement",621,
mggaru,CCCVCV,M,last,dernier,623,
uguz,VCVC,M,descent,descente,626,
,,M,"drawings, illuminated manuscripts","dessins, enluminures",627,
mnid,CCVC,M,before (lit. what is seen),devant (lit. ce qui se voit),629,
mzizal,CCVCVC,M,front of face,"devant, face",630,
!drig,CCVC,M,diarrhea,diarrhée,631,
uggug,VCCVC,M,dam,digue,632,
bibi,CVCV,M,turkey,dinde,633,
mnsi,CCCV,M,dinner,dîner,634,
,,M,"statements, rumors","dires, rumeurs",636,
nʁubu,CCVCV,M,disappearance,disparition,638,
!azi,VCV,F,"dispute, reprimand","dispute, réprimande",640,
ʕʃari,CCVCV,M,tenth,dixième,641,
ʒllabi,CCCVCV,F,jilbab,djellaba,642,
!dad,CVC,M,finger,doigt,643,
ikki,VCCV,F,donation,don,644,
!ʁrud,CCVC,M,back,dos,650,
ttwilta,CCCVCCV,F,dose of hashish wrapped in paper,dose de kif emballée dans du papier,651,
!mħħad,CCCVC,M,sharp pain,douleur vive,652,!mħ.ħad
!attan,VCCVC,M,"pain, hurt, illness","douleur, mal, maladie",653,
!ngaz,CCVC,M,stomach pains,douleurs stomacales,654,
bldi,CCCV,M,country,du pays,655,
klulu,CCVCV,M,glare,éblouissement,656,
mrmd,CCCC,M,snorting,ébrouement,657,
ʁatir,CVCVC,M,stilts (pejorative),échasses (péj.),658,
aʁlaʁal,VCCVCVC,F,echo,écho,659,
msluχ,CCCVC,M,flayed,écorché,664,
sraj,CCVC,M,scratch,écorchure,665,
ngi,CCV,M,"flow, flood","écoulement, crue",666,
ssfld,CCCCC,M,listening,écoute,667,
sħssu,CCCCV,M,listening,écoute,668,
!bbaʒ,CCVC,M,crushing,écrasement,670,
lqaʒ,CCVC,M,crushing,écrasement,671,
arra,VCCV,M,written,écrit / écriture,675,
!brbur,CCCVC,M,scum,écume,678,
luffi,CVCCV,M,"froth, foam","écume, mousse",680,
!anzid,VCCVC,M,squirrel,écureuil,681,
frmaʃ,CCCVC,M,toothless (person),personne qui a un bec-de-lièvre,682,
!sfud,CCVC,M,erasure,effacement,683,
akrraj,VCCCVC,F,effort,effort,685,
iʁrsi,VCCCV,F,sticking,égorgement,686,
udum,VCVC,M,"drip, drop fruit","égouttement, chute des fruit",688,
brraj,CCCVC,M,scratch,égratignure,690,
lksib,CCCVC,F,breeding herd,"élevage, troupeau",691,lk.sib
!mħdar,CCCVC,M,student,élève,692,
kssab,CCCVC,M,farmer,éleveur,694,
uggug,VCCVC,F,distance,éloignement,695,
aʒʒaj,VCCVC,F,"slightly overweight, healthy","embonpoint, bonne santé",696,
mdaj,CCVC,F,"ambush, lookout","embuscade, guet",697,
fruri,CCVCV,M,crumbling,"émiettement, effritement",698,
uttla,VCCCV,F,swaddling,emmaillotement,701,
!zbar,CCVC,M,pruning,émondage,704,
!zbbar,CCCVC,M,pruner,émondeur,706,
lkkawsu,CCCVCCV,M,"lopper, pruner",émondoir,707,
gʷnfrru,CCCCCV,M,blunting,émoussement,708,
ardaz,VCCVC,F,span,empan,709,
rqqas,CCCVC,M,emissary,émissaire,710,
!nazum,CVCVC,M,"age of fasting, pubescent","en âge de jeûner, pubère",711,
almbχχr,VCCCCCC,F,censer,encensoir,713,
grur,CCVC,M,enclosure,enclos,715,
frag,CCVC,M,"enclosure, fence, fencing","enclos, cloture, clôturage",716,
frig,CCVC,M,"paddock fence, hedge","enclos, haie",717,
!gʷmmad,CCCVC,M,place in front,endroit en face,718,
rbi,CCV,M,child,enfant,720,
azzan,VCCVC,M,child,enfant,721,
gsus,CCVC,M,hell,enfer,722,
rwass,CCVCC,M,hell,enfer,723,
snaj,CCVC,M,threading,enfilement,724,
bzzag,CCCVC,M,swelling,enflure,726,bz.zag
fna,CCV,M,someone or something that causes a loss,péril,728,
nnuʁʃf,CCVCCC,M,boredom,ennui,729,
nnurʃif,CCVCCVC,M,"bored, restless person, someone with breathing difficulty","ennuyé, inquiet",730,
agrwaz,VCCCVC,F,hoarseness,enrouement,731,
agurzu,VCVCCV,M,"hoarseness, an speech defect",enrouement,732,
fggig,CCCVC,M,beam (for a loom),ensouple,734,
nifif,CVCVC,M,funnel,entonnoir,738,
mlhuf,CCCVC,M,greedy,avide,739,
!mmulz,CCVCC,M,sprain,entorse,740,
nkʃum,CCCVC,M,entrance,entrée,741,
kʃʃum,CCCVC,M,input (action),entrée (action),742,
!tmmaʕ,CCCVC,M,envious,envieux,748,
!sifd,CVCC,M,"sending, mail",envoi,749,
!udnaj,VCCVC,M,"thick, fat (person or animal)","épais, gros",751,
zuraj,CVCVC,M,"thick, heavy (person or thing)","épais, gros",752,
zuri,CVCV,F,thickness,épaisseur,753,
iʁir,VCVC,M,shoulder,épaule,755,
zlf,CCC,F,tassel (like for corn),épi,757,
zlaf,CCVC,F,bowl,bol,758,
!ʕttar,CCCVC,M,"grocer, herbalist, spice seller, among other things","épicier, herboriste",759,
snnan,CCCVC,M,spine,épine,760,
!zzlum,CCCVC,M,peeling,épluchage,761,
!krrad,CCCVC,M,peel,épluchure,763,
zmz,CCC,M,"time, mood",époque,765,
zraw,CCVC,M,delousing,épouillage,766,z.raw
!rrgg,CCCC,M,"erg, broad flat area of desert",erg,768,
,,M,wandering,errance,769,
ʁʷlil,CCVC,M,snail,escargot,772,
smg,CCC,M,slave,esclave,773,
ʁʷndaf,CCCVC,M,"swindler, hustler","escroc, arnaqueur",774,
busskka,CVCCCCV,M,snake species (similar to cobra),espèce de serpent,775,
ssufʁ,CCVCC,M,swarm out of the hive,essaim sortant de la ruche,776,
isi,VCV,F,platform,"estrade, couche",778,
!nʕdub,CCCVC,M,crippled (person or animal),estropié,780,
fsar,CCVC,M,display,étalage,782,
mda,CCV,F,pond,étang,784,
igzuli,VCCVCV,F,to be short,état de ce qui est cour,785,
msad,CCVC,M,state in which something is sharpened,état de ce qui est aiguisé,786,
lluqʒu,CCVCCV,M,state which is dented,état de ce qui est cabossé,787,
slaw,CCVC,M,state which faded,état de ce qui est fané,788,
gusmu,CVCCV,M,state of someone who is sated,état de quelqu'un qui est repu,789,
urddm,VCCCC,F,state of a ceiling that leaks,état d'un plafond qui suinte,790,
!mrruj,CCCVC,M,spark,étincelle,793,
!brajʃ,CCVCC,M,woolen cloth,étoffe de laine,794,
itri,VCCV,M,star,étoile,795,
ddhaʃ,CCCVC,F,astonishment,étonnement,797,
ʁufi,CVCV,F,suffocation,étouffement,798,
sufʁ,CVCC,M,"exclusion, budding","exclusion, bourgeonnement",933,
mzwug,CCCVC,M,exile,exilé,934,
χsaj,CCVC,M,extinction,extinction,936,χ.saj
mʕgaz,CCCVC,M,lazy (person),fainéant,937,
snuntf,CCVCCC,M,"hurt, injury",faire mal à une blessure,948,
addad,VCCVC,M,pressing,fait d'appuyer,958,
!nggad,CCCVC,M,soaking,fait de tremper,959,
mslaw,CCCVC,M,withered,fané,960,
zʕajti,CCVCCV,M,braggart,fanfaron,961,
ʁzu,CCV,F,fantasy,fantazia,962,
!ʒʒakrar,CCVCCVC,M,burden,fardeau,963,
ggʷrn,CCCC,M,flour,farine,964,
summr,CVCCC,M,"relaxation, sunshine","farniente, insolation",965,
!rrmuj,CCCVC,F,tired,fatigue,966,
nmgar,CCCVC,M,reaper (agriculture),faucheur,968,
mgr,CCC,M,sickle,faucille,969,
smmawd,CCCVCC,M,sickle,faucille,970,
nfluk,CCCVC,M,felucca,felouque,971,
mʁar,CCVC,F,woman,femme,972,
maziʁ,CVCVC,F,"Amazigh woman, Amazigh language","femme amazighe, langue amazighe",973,
!lfrm,CCCC,F,"slot, gap","fente, brèche",974,
sttiʁ,CCCVC,M,"crack, crack","fente, fissure",975,
uqqna,VCCCV,F,closure,fermeture,978,
urgla,VCCCV,F,"closing, latching","fermeture, verouillage",979,
qʒʒuħ,CCCVC,M,scrap,ferraille,980,
ħʃtaw,CCCVC,M,wisp,fétu,982,
!frad,CCVC,M,foliage,feuillage,983,
fraw,CCVC,M,sheet,feuille,984,f.raw
!brwag,CCCVC,M,turnip greens,feuilles de navet,985,
baw,CVC,M,bean,fève,987,
sli,CCV,M,fiancé,fiancé,988,
!zrzi,CCCV,F,fibula,fibule,989,
,,M,excrement (typically for humans and carnival animals),fiente (excréments d'une personne),990,
qurri,CVCCV,M,fig,figue,992,
kkʷrmis,CCCCVC,M,green fig,figue verte,993,
buzzig,CVCCVC,M,green fig,figue verte,994,
azar,VCVC,F,fig tree,figuier,995,
knari,CCVCV,M,"prickly pear, cactus fruit",figuier de barbarie,997,
fili,CVCV,M,thread,fil,998,
ilmi,VCCV,F,result of spinning of wool,"filature, fils",999,
,,F,spinners,fileuses,1001,
staj,CCVC,F,"filter, strainer","filtre, passoire",1002,
usdid,VCCVC,M,"thin, skinny",fin,1003,
igira,VCVCV,F,"end, lately","fin, ces derniers temps",1004,
ʒʒig,CCVC,M,flower,fleur,1008,
asif,VCVC,M,river,fleuve,1010,
sdasi,CCVCV,M,flute with six holes,flûte à six trous,1011,
asa,VCV,F,liver,foie,1012,
χχlu,CCCV,M,madness,folie,1013,
nufl,CVCC,M,madness,folie,1014,
alim,VCVC,M,straw,paille,1015,
fssaj,CCCVC,M,"cast, melting ...",fonte ...,1017,
agan,VCVC,F,forest,forêt,1018,a.gan
!anud,VCVC,M,forge,forge,1019,
mzil,CCVC,M,black-smith,"forgeron, maréchalferrant",1020,
!gʷdi,CCV,M,ditch,fossé,1021,
mχlaw,CCCVC,M,crazy,fou,1022,
nafal,CVCVC,M,crazy,fou,1023,
zfl,CCC,M,whip,fouet,1024,
frran,CCCVC,M,oven,four,1026,
farnu,CVCCV,M,oven,four,1027,
azr,VCC,F,fork,fourche,1028,
ʁruʃ,CCVC,F,fork,fourche,1029,
ʃawʃ,CVCC,F,"fork, slingshot, branching part of a tree, farmer tool for straw with two pins",fourche pour lance-pierres,1030,
bawʃ,CVCC,M,fork,fourche,1031,
!udfi,VCCV,F,ant,fourmi,1032,
ʒwaj,CCVC,M,scabbard,fourreau,1033,
!irzi,VCCV,F,fracture,fracture,1034,
mrzu,CCCV,M,broken,fracturé,1035,
zuzwu,CVCCV,M,freshness,fraîcheur,1036,
wnza,CCCV,F,fringe,frange,1037,
!zag,CVC,M,fringe,frange,1038,
gamrru,CVCCCV,M,hornet,frelon,1041,
kʷrram,CCCVC,M,cold,froid,1043,
smmid,CCCVC,M,cold,froid,1044,
ildi,VCCV,M,sling,fronde,1046,
ignzi,VCCCV,M,front,front,1047,
ammas,VCCVC,M,"act of forming flour into meal (semoule, couscous)",frottement (semoule),1048,am.mas
ħukku,CVCCV,M,friction or rubbing,frottement,1049,
blʁuʃ,CCCVC,M,green fruit of the carob,fruit vert du caroubier,1053,
rula,CVCV,F,escape,fuite,1054,
kmmaj,CCCVC,M,smoker,fumeur,1056,
mkajfi,CCVCCV,M,smoker of kif,fumeur de kif,1057,
sbajsi,CCVCCV,M,pipe smoker (kif),fumeur de pipe (kif),1058,
mazir,CVCVC,M,manure,fumier,1059,
!izdi,VCCV,M,spindle,fuseau,1060,
!mʃttr,CCCCC,M,smart,futé,1061,
mrwl,CCCC,M,fugitive,fuyard,1062,
skarkaz,CCVCCVC,M,gaffe,gaffe,1063,
mssggar,CCCCCVC,M,pledge,gage,1064,
!gʷris,CCVC,F,pancake,galette,1065,
uʁrif,VCCVC,F,galette,galette,1066,
wlal,CCVC,M,ganglion,ganglion,1067,
fruχ,CCVC,M,boy/girl,garçon/fille,1068,
ʕjjal,CCCVC,M,boy,garçonnet,1069,
!idaf,VCVC,F,"custody, supervision","garde, surveillance",1070,
ʕssas,CCCVC,M,guardian,gardien,1071,
ndaf,CCVC,M,guardian,gardien,1072,
!adaf,VCVC,M,guard duty,guet,1073,
mazzal,CVCCVC,N,"keeper, broker","gardien, courtier",1074,
!zwaj,CCVC,M,"shaking down (e.g., separating grain from straw)",gaulage,1076,
!mzwaj,CCCVC,M,"person who separates grain from straw; tree shaker for fruit (e.g., olives)",gauleur,1078,
!znkʷd,CCCC,M,gazelle,gazelle,1079,!zn.kʷd
afar,VCVC,M,turf,gazon,1080,
dggʷal,CCCVC,M,"in-law relation (e.g., son-in-law, mother-in-law)",gendre,1082,
nnukmu,CCVCCV,F,"discomfort, hustle, rush","gêne, bousculade",1083,
fud,CVC,M,knee,genou,1084,
madaʁ,CVCVC,M,"pile of sheaves of wheat after harvest (or other grain, e.g., corn)",gerbier,1085,
ffursl,CCVCCC,M,"chapped skin on humans, due to cold",gerçure,1086,
hakur,CVCVC,M,gizzard,gésier,1088,
!dmmil,CCCVC,M,slap,giffle,1089,
mrriq,CCCVC,M,slap,gifle,1091,
!tbbil,CCCVC,M,slap,gifle,1092,
kʷba,CCV,M,lap (waist to knees),giron,1096,
gri,CCV,F,gleaning,glanage,1097,
mgru,CCCV,M,gleaner,glaneur,1099,
mgri,CCCV,M,gleaner,glaneur,1100,
lʁʷrraf,CCCCVC,M,cup,gobelet,1101,
!fizza,CVCCV,F,"chewing gum, resin which chews","gomme à mâcher, résine qu'on mâche",1103,
aqqaj,VCCVC,F,throat,gorge,1104,
gʷmim,CCVC,F,mouthful,gorgée,1105,
ugmim,VCCVC,F,mouthful,gorgée,1106,
gllus,CCCVC,M,cudgel,gourdin,1108,
mqqi,CCCV,F,drop,goutte,1110,
saddam,CVCCVC,F,gutter,gouttière,1111,
!zni,CCV,F,grain,grain,1112,
aqqa,VCCV,M,"grain, pearl","grain, perle",1113,
,,M,boiled seeds,graines cuites à l'eau,1114,
,,F,roasted seeds,graines grillées,1115,
adunt,VCVCC,F,fat,graisse,1116,
sddul,CCCVC,M,large cover,grand couvercle,1117,
hrrandu,CCCVCCV,M,"big guy, like a giant (can be pejorative)",grand gaillard (péj.),1118,
duħan,CVCVC,M,large mill,grand moulin,1119,
ʃnbi,CCCV,M,big hole,grand trou,1120,
ssgni,CCCCV,F,minute hand,grande aiguille,1121,
iχibi,VCVCV,F,pitcherful,grande cruche,1122,
ʁruʃ,CCVC,F,large fork,grande fourche,1123,
brgmmi,CCCCCV,M,big house,grande maison,1125,
fala,CVCV,F,large flat shovel ...,grande pelle plate ...,1126,
aʁrar,VCCVC,F,large number,grande quantité,1127,
iʁzi,VCCV,F,"size, length","grande taille, longueur",1128,
kʷmmaz,CCCVC,M,scratching,grattement,1129,
gadir,CVCVC,M,fortified granary,grenier fortifié,1130,
gru,CCV,M,frog,grenouille,1131,
!kizzi,CVCCV,M,grinding,grincement,1136,
kajja,CVCCV,M,"thrush, black boy (type of bird)","grive, négrillon",1139,
aka,VCV,M,large lizard,gros lézard,1140,
!dnaj,CCVC,M,"large, thick","gros, épais",1141,
!ʃfri,CCCV,M,big thorn,grosse épne,1142,
bbankik,CCVCCVC,M,boulder,grosse pierre,1145,
frsi,CCCV,M,big board,grosse planche,1146,
fri,CCV,M,cave,grotte,1147,
!kabar,CVCVC,M,"group, convoy","groupe, convoi",1148,!ka.bar
saka,CVCV,M,ford,gué,1150,
mdaj,CCVC,M,ambush,guet-appens,1151,
χmum,CCVC,M,mouth,gueule,1153,
gamum,CVCVC,M,mouth,gueule,1154,
qʃʃab,CCCVC,M,long habit,habit long,1156,
mzdaʁ,CCCVC,M,inhabitant,habitant,1157,
uzdʁ,VCCC,F,home,habitation,1158,
mlsi,CCCV,F,clothes,habits,1160,
amjur,VCCVC,F,habit,habitude,1161,
nmjur,CCCVC,M,used to,habitué,1162,
ʃaqqur,CVCCVC,M,ax,hache,1163,
ħajk,CVCC,M,haik,haïk,1164,
!dwwar,CCCVC,M,hamlet,hameau,1166,
!akʷd,VCC,F,hook,hameçon,1167,
glgiz,CCCVC,M,cockchafer beetle,hanneton,1168,
!ħurri,CVCCV,M,person who is free or pure,"libre, pûr",1169,
attaj,VCCVC,F,"height, elevation","hauteur, élévation",1170,
zri,CCV,M,mugwort,armoise,1171,
saʁur,CVCVC,M,dry grass,herbe sèche,1172,
bumħmd,CVCCCC,M,hedgehog,hérisson,1173,
ajasi,VCVCV,F,legacy,héritage,1174,
mkkasu,CCCVCV,M,heir,héritier,1176,
mkkisi,CCCVCV,M,heir,héritier,1177,
agrs,VCCC,F,winter,hiver,1178,
aruʃ,VCVC,M,lobster,homard,1179,a.ruʃ
rgaz,CCVC,M,man,homme,1180,
!sddaħmar,CCCVCCVC,M,black man (pejorative),homme de couleur (péj.),1181,
hrmma,CCCCV,M,man dressed in sheepskin (rite),homme habillé de peaux de mouton (rite),1182,
bijlmawn,CVCCCVCC,M,man dressed in sheepskin (rite),homme habillé de peaux de mouton (rite),1183,
maziʁ,CVCVC,M,"free, Berber","homme libre, berbère",1184,
!ħuttu,CVCCV,F,hiccup,hoquet,1185,
madir,CVCVC,F,hoe,houe,1188,
ħʃuʃ,CCVC,M,hut,hutte,1190,
fis,CVC,M,hyena,hyène,1191,
mdhuʃ,CCCVC,M,impressionable person,impressionnable,1192,
!ʃrad,CCVC,M,incision on a body,incision,1193,
mllʁtazlaft,CCCCCVCCVCC,M,freeloader,pique-assiette,1194,
,,M,"indications, information","indications, renseignements",1195,
kuʃam,CVCVC,M,handicapped person who cannot walk,infirme (membres inferieurs),1196,
kuʃm,CVCC,M,"disability, paralysis","infirmité, paralysie",1197,
nkkar,CCCVC,M,ungrateful person,ingrat,1198,
!lutar,CVCVC,M,stringed musical instrument,instrument de musique à cordes,1199,
!skkrd,CCCCC,F,"instrument to scrape, scraper","instrument pour gratter, raclette",1201,
idrusi,VCCVCV,F,"failure, scarcity","insuffisance, rareté",1202,
!ʃʃtar,CCCVC,F,"intelligence, cunning","intelligence, ruse",1204,
gʷns,CCC,M,inside,intérieur,1206,
liwi,CVCV,M,intestine,intestin,1207,
rzzif,CCCVC,F,"invitation, visit","invitation, visite",1208,
sswi,CCCV,M,irrigation,irrigation,1209,
lislam,CVCCVC,M,Islam,islam,1210,lis.lam
skajri,CCVCCV,M,drunkard,ivrogne,1212,
ħgru,CCCV,M,crop,jabot,1213,
ssiki,CCVCV,M,fallow,jachère,1214,
lħasada,CCVCVCV,F,jealousy,jalousie,1217,
ħssad,CCCVC,M,jealous person,jaloux,1218,
mħsad,CCCVC,M,"jealous, envious person","jaloux, envieux",1219,
wraʁ,CCVC,M,yellow person or thing,jaune,1220,
sawraʁ,CVCCVC,M,jaundice,jaunisse,1222,
abbaj,VCCVC,F,card game with stakes,jeu de cartes avec enjeu,1225,
qʷmmar,CCCVC,M,gambler,joueur de jeu de hasard,1226,
rrʃuq,CCCVC,M,"joy, enthusiasm, joy","joie, entrain, liesse",1228,
guzz,CVCC,M,cheek,joue,1229,
mʒarraj,CCVCCVC,F,imitating a child's toy car,jouet d'enfant imitant une voiture,1230,
zzaglu,CCVCCV,M,yoke,joug,1231,
ass,VCC,M,day,jour,1232,
mkiri,CCVCV,M,day laborer,journalier,1233,
nfruħ,CCCVC,M,merry person,joyeux,1234,
udaj,VCVC,M,Jew,juif,1235,
ajrza,VCCCV,F,plowing,labour,1238,
mkraz,CCCVC,M,plowman,laboureur,1240,
mχʃun,CCCVC,M,ugly person,laid,1241,
lχʷʃant,CCCVCC,F,ugliness,laideur,1242,
kʷfaj,CCVC,M,milk,lait,1243,
adʁar,VCCVC,M,"shred of cloth or tissue, flap",lambeau,1244,
mummuj,CVCCVC,M,lamentation,lamentation,1245,mum.muj
satl,CVCC,M,"diaper, strip of cloth","lange, bande d'étoffe",1248,
ils,VCC,M,tongue,langue,1249,
qʷlil,CCVC,M,rabbit,lapin,1250,
urru,VCCV,F,"width, thickness, diameter","largeur, épaisseur, diamètre",1251,
!mtta,CCCV,M,tear,larme,1252,
!awdid,VCCVC,M,locust larvae,larves de criquet,1253,
!hrussu,CCVCCV,M,"lassitude, weakness","lassitude, atonie",1254,
lili,CVCV,M,oleander,laurier-rose,1255,
rid,CVC,M,washing,lavage,1256,
mggʷa,CCCV,F,washer,laveuse,1257,
sggʷrd,CCCCC,M,wash,lavoir,1258,
uluʁ,VCVC,M,licking,léchement,1259,
ʁri,CCV,F,"reading, studies","lecture, études",1261,
fssi,CCCV,F,lightness,légéreté,1262,
ugu,VCV,M,"laundry, washing","lessive, lavage",1263,
bra,CCV,F,letter,lettre,1264,
nʃr,CCC,M,lip,lèvre,1265,
anfur,VCCVC,M,lower lip,lèvre inférieure,1266,
qʒdr,CCCC,M,lizard,lézard,1268,
assas,VCCVC,M,link,lien,1269,
skrf,CCCC,M,"link, hobble for horse or other livestock","lien, entrave",1270,
srir,CCVC,M,meeting place,lieu de réunion,1272,
sajs,CVCC,M,meeting place,lieu de réunion,1273,
wtil,CCVC,M,hare,lièvre,1274,
izm,VCC,M,lion,lion,1275,i.zm
grzam,CCCVC,M,lion,lion,1276,
ħlallaj,CCVCCVC,M,"smooth and rounded thing (e.g., a stone shaped by water)",lisse et arrondi,1278,
lkri,CCCV,M,"lease, rent","location, loyer",1279,
ʁzzajfu,CCCVCCV,M,"long, tall, tall person","long, de grande taille, personne de grande taille",1280,
brdi,CCCV,M,rag,loque,1281,
ʃlliq,CCCVC,M,rag,loque,1282,
hdduz,CCCVC,M,rag,loque,1283,
ʁʷnʒa,CCCV,M,ladle,louche,1284,
sagʷm,CVCC,M,scoop,puisette,1285,
srks,CCCC,M,ladle to mix,louche pour mélanger,1286,
ziwl,CVCC,M,cross-eyed,"loucherie, strabisme",1288,
krraj,CCCVC,M,"landlord, tenant","loueur, locataire",1290,
!azdaj,VCCVC,F,heaviness,lourdeur,1291,
zal,CVC,M,daylight,lumère du jour,1292,
ufaw,VCVC,F,light,lumière,1293,
ifaw,VCVC,F,"light, clarity","lumière, clarté",1294,
mhddr,CCCCC,M,"luron, energetic person, joker","luron, plaisantin",1295,
amaʁ,VCVC,F,fight,lutte,1296,
miʁ,CVC,M,"fight, fight action","lutte, action de se battre",1297,
agʒa,VCCV,M,jaw,mâchoire,1300,
bnnaj,CCCVC,M,mason,maçon,1301,
ndʕuf,CCCVC,M,lean person or animal,maigre,1303,
sddi,CCCV,F,"leanness, thinness","maigreur, minceur",1304,
msdadu,CCCVCV,M,skinny person or animal,maigrichon,1305,
fus,CVC,M,hand,main,1306,fus
!kʷrʃʃid,CCCCVC,M,hand (pejorative),"main (péj.), paluche",1307,
gmmi,CCCV,F,home,maison,1308,
!mddsr,CCCCC,M,"impolite, turbulent person","mal élevé, turbulent",1309,
!madun,CVCVC,M,sick person (patient),malade,1311,
imssi,VCCCV,F,disease (affects chickens),gale déplumante (touche les poules),1313,
waʃʃ,CVCC,N,"unlucky person, someone who attracts problems",malchanceuse,1314,
awtm,VCCC,M,male,mâle,1315,
!ddakku,CCVCCV,M,handlebar plow,mancheron de charrue,1317,
kbur,CCVC,M,how to arrange the haïk on the head,manière d'arranger le haïk sur la tête,1319,
ssudu,CCVCV,F,how to ride (a horse),manière de monter (un cheval),1320,
skʷti,CCCV,M,crank,manivelle,1321,
dalli,CVCCV,F,low self esteem,manque d'amour propre,1322,
glagal,CCVCVC,M,marsh,marais,1324,
wada,CVCV,F,walking,marche,1325,
skʷfl,CCCC,M,stair,marche d'escalier,1326,
mzigz,CCVCC,M,walker,marcheur,1330,
mʁra,CCCV,F,marriage,mariage,1331,
bħri,CCCV,M,"marine, sailor",marin,1332,
kin,CVC,F,cooking pot,marmite,1333,
gdur,CCVC,M,cooking pot,marmite,1334,
kssal,CCCVC,M,masseur,masseur,1337,
!gzaz,CCVC,M,chewing,mastication,1338,
mhruʃ,CCCVC,M,bad person,mauvais,1340,
!gzzaz,CCCVC,M,stomach ache,maux d'estomac,1341,
!dbib,CCVC,M,doctor,médecin,1342,!d.bib
safar,CVCVC,M,drug,médicament,1343,
bʒaw,CCVC,M,mehari (dromedary camel),méhari,1345,
mrwaj,CCCVC,M,"mixture, mess","mélange, pagaille",1347,
rkkis,CCCVC,M,liquid mixture,mélange liquide,1348,
rkuku,CCVCV,M,liquid mixture of flour,mélange liquide de farine,1349,
rggʷaj,CCCVC,M,"mixing, disorder","mélange, désordre",1350,
frdi,CCCV,F,"member of a pair of things (e.g., shoes, socks)",membre d'une paire,1355,
ħssu,CCCV,M,"memory, learning","mémorisation, apprentissage",1356,
mnqqr,CCCCC,M,beggar,mendiant,1357,
,,F,lie,mensonge,1359,
!nʒʒar,CCCVC,M,carpenter,menuisier,1363,
!lħggʷar,CCCCVC,F,contempt,mépris,1364,
mkraj,CCCVC,M,mercenary,mercenaire,1367,
sqqul,CCCVC,M,measurement (= arm),mesure (=bras),1368,
!ftri,CCCV,M,grain measure,mesure à grains,1369,
!ʕbbar,CCCVC,M,"measuring, measuring vessel, weighing or measuring person","mesure, récipient de mesure, personne qui pèse ou mesure",1370,
stta,CCCV,M,loom,métier à tisser,1373,
ajssa,VCCCV,F,shepherding,"métier de berger, action de paître",1374,
ħzgan,CCCVC,M,mestizo,métis,1376,
ijja,VCCV,F,meter (poetry),mètre (poésie),1377,
ilqqi,VCCCV,F,bread crumb,mie (de pain),1379,
ammn,VCCC,F,honey,miel,1380,
swwan,CCCVC,F,kite,milan,1381,
!ifd,VCC,M,thousand,millier,1382,
!drrab,CCCVC,M,minor,mineur,1383,!dr.rab
zbabaj,CCVCVC,M,"tiny, thin thing","minuscule, mince",1384,
mmara,CCVCV,F,"misery, suffering, toiling","misère, souffrance, trime",1385,
mtʃi,CCCV,F,"moth, moth","mite, teigne",1386,
!zikki,CVCCV,M,sparrow,moineau,1387,
ajjur,VCCVC,M,month,mois,1388,
nʁmal,CCCVC,M,"mold, fungus",moisi,1389,
mgra,CCCV,F,harvest,moisson,1391,
uluʁ,VCVC,F,softness,mollesse,1392,
ħʃmi,CCCV,M,"kid, child",môme,1394,
murran,CVCCVC,M,monster (extremely strong person),"monstre (p/ext. personne très forte, colosse)",1395,
gri,CCV,F,assembly (loom),montage (métier à tisser),1396,
budrar,CVCCVC,M,mountaineer,montagnard,1397,
drar,CCVC,M,mountain,montagne,1398,
ʁlaj,CCVC,M,rise,montée,1399,
baduz,CVCVC,M,mound,monticule,1403,
!ttnz,CCCC,M,mockery,moquerie,1405,
!tnnaz,CCCVC,M,mocker,moqueur,1406,
frkkuj,CCCCVC,M,piece,morceau,1407,
!qdiʕ,CCVC,M,piece,morceau,1408,
!kʃʃud,CCCVC,M,piece of wood,morceau de bois,1409,
ubbiʃ,VCCVC,M,piece of bread,morceau de pain,1410,
gzzum,CCCVC,M,"piece, tearing action","morceau, action de déchirer",1411,
brzzuj,CCCCVC,M,"piece, shard","morceau, tesson",1412,
frdu,CCCV,F,mortar (container),mortier (récipient),1413,
χʷlil,CCVC,M,glanders (disease),morve,1414,χʷ.lil
qʷbajs,CCVCC,M,sod,motte,1415,
!uttub,VCCVC,M,clod,motte de terre,1416,
lggʷaʁ,CCCVC,M,soft thing,mou,1417,
izi,VCV,M,fly,mouche,1418,
udad,VCVC,M,mouflon (wild sheep),mouflon,1420,
will,CVCC,M,mussels,moules,1421,
gri,CCV,M,mussels,moules,1422,
zrg,CCC,M,"quern, hand mill",moulin à bras,1423,
wabiba,CVCVCV,M,mosquito,moustique,1424,
hruj,CCVC,F,sheep,mouton,1425,
gnaw,CCVC,M,mute,muet,1427,
srdun,CCCVC,M,mule,mulet,1429,
buri,CVCV,M,mullet (fish),mulet (poisson),1430,
ugu,VCV,F,"multitude, abundance","multitude, abondance",1431,
ʁʷrab,CCVC,M,wall,mur,1432,
qmmu,CCCV,M,snout,museau,1433,
gnfur,CCCVC,M,snout,museau,1434,
skʷms,CCCC,M,"haversack, bag for bullets","musette, petit sac à balles",1435,
muslm,CVCCC,M,Muslim,musulman,1436,
ʕwwam,CCCVC,M,swimmer,nageur,1438,
alali,VCVCV,F,birth,naissance,1439,
χnχam,CCCVC,M,nasal (someone who speaks with a nasal sound),nasillard,1441,
grtil,CCCVC,M,mat,natte,1443,
mmuktu,CCVCCV,M,nausea,nausée,1444,
rkkim,CCCVC,F,turnip,navet,1446,rk.kim
anaw,VCVC,F,ship,navire,1447,
suqqi,CVCCV,M,slave,esclave,1448,
wajja,CVCCV,F,slave,esclave femelle,1449,
dfl,CCC,M,snow,neige,1451,
χittus,CVCCVC,M,simpleton,niais,1453,
sddi,CCCV,M,nest,nid,1454,
ajrris,VCCCVC,F,node,noeud,1456,
mukris,CVCCVC,F,"node, problem, boredom (fig)","noeud, problème, ennui (fig)",1457,
sggan,CCCVC,M,black thing,noir,1458,
dili,CVCV,M,black,noir,1459,
sguni,CCVCV,F,darkness,noirceur,1460,
!dlu,CCV,F,"blackness, darkening","noirceur, noircissement",1461,
sm,CC,M,name,nom,1462,
mntag,CCCVC,M,person who comes from Imntagn region,de la tribu de Imntagn,1463,
!rħħal,CCCVC,M,nomad,nomade,1464,
!abud,VCVC,M,belly button,nombril,1465,
bahlal,CVCCVC,M,nonchalant,nonchalant,1466,
nmʁur,CCCVC,M,notable,notable,1467,
mʁur,CCVC,M,notable person,notable,1468,
mʁar,CCVC,M,"notable, the village chief","notable, chef du village",1469,
wmmis,CCCVC,F,"nouet, amulet","nouet, amulette",1471,
unkir,VCCVC,M,"infant, sapling","nourrisson, jeune pousse",1472,
mtʃu,CCCV,M,food,nourriture,1473,
mzdi,CCCV,M,"guest, an invited person",convive,1474,
ʁʷrmi,CCCV,M,core,noyau,1475,ʁʷr.mi
mdlu,CCCV,M,cloud,nuage,1476,
!id,VC,M,night,nuit,1477,
!ħttuz,CCCVC,M,obese person,obèse,1478,
!tbbuz,CCCVC,M,obese person,obèse,1479,
!ħtabbaz,CCVCCVC,M,obese person,obèse,1480,
afaw,VCVC,M,luminous object,objet lumineux,1481,
,,F,darkness,ténèbres,1482,
wwuri,CCVCV,F,occupation,occupation,1483,
mrsal,CCCVC,M,red ocher,ocre rouge,1484,
!adu,VCV,M,odor,odeur,1485,
!it,VC,F,eye,oeil,1486,
glaj,CCVC,F,egg,oeuf,1487,
!ʁʷzn,CCC,M,ogre,ogre,1488,
mʁuz,CCVC,M,scavenger bird,oiseau charognard,1491,
fraraj,CCVCVC,M,chick,oisillon,1492,
sajlal,CVCCVC,M,chick,oisillon,1493,
sklu,CCCV,M,shadow,ombre,1494,
malu,CVCV,M,shadow,ombre,1495,
zzʁʷr,CCCC,M,unction,onction,1496,
iskr,VCCC,M,"nail, fingernail",ongle,1497,
urʁ,VCC,M,gold (by metonymy),or (par métonymie),1498,
mzzuʁ,CCCVC,M,ear,oreille,1499,
!wsad,CCVC,F,pillow,oreiller,1500,
sjjaʁ,CCCVC,M,goldsmith,orfèvre,1501,
!ild,VCC,M,stye,orgelet,1502,!i.ld
lkibr,CCVCC,M,pride,orgueil,1503,
nkkabru,CCCVCCV,M,proud person (negative connotation),orgueilleux,1504,
ħiħi,CVCV,M,Haha native (region of Morocco),originaire de Haha (région du Maroc),1505,
!lasl,CVCC,M,origin,origine,1506,
gigil,CVCVC,M,orphan,orphelin,1507,
fdni,CCCV,F,toe,orteil,1508,
fnzi,CCCV,M,"toe, hoof","orteil, sabot",1509,
χs,CC,M,bone,os,1510,
!zzmaj,CCCVC,M,"wicker, cane, plants with flexible stems","osier, jonc",1511,
gʷʒʒim,CCCVC,M,ouran (peacock monitor lizard),ourane,1513,
allam,VCCVC,M,"hem, hemming","ourlet, ourlage",1515,
mħukku,CCVCCV,F,tool to rub the skin,frottoir,1516,
gʃʃul,CCCVC,F,sack made from the skin of an animal,outre,1517,
ajddid,VCCCVC,M,"water sack, made from animal skin",outre à eau,1518,
!rzzum,CCCVC,M,opening,ouverture,1519,
mʃʁul,CCCVC,M,worker,ouvrier,1520,
ʁrum,CCVC,M,bread,pain,1522,
azgmmu,VCCCCV,F,bread (grains pounding Argan),pain (pilage grains d'arganier),1523,
anʁa,VCCV,M,palate (mouth),palais (bouche),1527,
gʒʒuf,CCCVC,M,date palm,palmier datier,1528,
billu,CVCCV,M,"part of a dress than hangs down, bang",pan,1529,
sgrs,CCCC,M,shopping cart,panier,1530,
arjal,VCCVC,F,shopping cart,panier,1531,
azgaw,VCCVC,M,shopping cart,panier,1532,
bddiz,CCCVC,M,"rumen, first stomach of a ruminant",panse,1534,bd.diz
!frtuttu,CCCVCCV,M,butterfly,papillon,1535,
uʒʒu,VCCV,F,perfume,parfum,1536,
wal,CVC,M,"speech, language","parole, langage",1540,
!itti,VCCV,F,sharing,partage,1541,
χʷrbiʃ,CCCVC,M,part of a Koranic school,partie d'une école coranique,1545,
ʃbbiħ,CCCVC,M,step (walking),pas,1546,
zraj,CCVC,M,passage,passage,1547,
frdi,CCCV,F,pasture grazing action of eating (animals),"pâture, pâturage, action de manger (animaux)",1552,
dikl,CVCC,F,palm,paume de la main,1553,
irgl,VCCC,M,eyelid,paupière,1554,
gllin,CCCVC,M,"poor, pitiful","pauvre, pitoyable",1555,
mazir,CVCVC,F,"country, region","pays, contrée",1556,
lm,CC,M,skin,peau,1557,
ifrir,VCCVC,F,skin (boiled milk),peau de lait,1558,
fjjuʃ,CCCVC,M,skin of argan fruit,peau de fruit d'arganier,1559,
!hidur,CVCVC,M,sheepskin,peau de mouton,1560,
iliwʃ,VCVCC,M,sheepskin to sit,peau de mouton pour s'asseoir,1561,
!sjjad,CCCVC,M,fisherman or hunter,pêcheur ou chasseur,1562,
sbbaʁ,CCCVC,M,painter (non-artistic painting),peintre,1566,
fala,CVCV,F,shovel to introduce flat bread ...,pelle plate pour introduire le pain ...,1569,
frkki,CCCCV,F,"film, crust","pellicule, croûte",1570,
ilmʃ,VCCC,M,peel,pelure,1571,
!bʒdid,CCCVC,M,penis,pénis,1573,
!bazza,CVCCV,M,penis,pénis,1574,
bakku,CVCCV,M,animal penis,pénis d'animal,1575,bak.ku
swingim,CCVCCVC,M,"thought, reflection","pensée, réflexion",1576,
aggsar,VCCCVC,F,sloping ravine,"pente, ravin",1578,
!grnid,CCCVC,M,partridge,perdrix,1581,
skkur,CCCVC,M,partridge,perdrix,1582,
agʷri,VCCV,M,peril,péril,1583,
bijrkan,CVCCCVC,M,filthy person,personne crasseuse,1584,
mdallu,CCVCCV,M,person without self-esteem,personne sans amour-propre,1585,
uʒliχ,VCCVC,M,very dirty person,personne très sale,1586,
!ssdl,CCCC,F,small tub,petit baquet,1587,
!lfdur,CCCVC,M,breakfast,petit déjeûner,1588,
ʁrʁur,CCCVC,M,small hand mill,petit moulin à bras,1592,
ddwajri,CCCVCCV,F,parlor,petit salon,1593,
mʒiwʒ,CCVCC,F,small tornado,petite tornade,1597,
,,F,fear,peur,1598,
awda,VCCV,F,"fear, fright","peur, effroi",1599,
!dar,CVC,M,foot,pied,1600,
!zru,CCV,M,stone,pierre,1602,
aggun,VCCVC,M,stone,pierre,1603,
smsd,CCCC,M,"whetstone, sharpening","pierre à aiguiser, aiguisage",1604,
nk,CC,M,stone fireplace,pierre au foyer,1605,
tbir,CCVC,M,pigeon,pigeon,1606,
ubuk,VCVC,M,pounding,pilage,1608,
amur,VCVC,M,pestle,pilon,1611,
sakkʷm,CVCCC,M,pestle,pilon,1612,
sabbuk,CVCCVC,M,"pestle, mallet","pilon, maillet",1613,sab.buk
fifl,CVCC,M,chili (du),piment (du),1614,
sbbunz,CCCVCC,M,pinch,pincement,1616,
bbuniz,CCVCVC,M,Pinch,"pincement, pinçon",1617,
,,F,tweezers for removing thorns,pincettes pour ôter épines,1619,
glzim,CCCVC,M,pickaxe,pioche,1621,
agus,VCVC,F,"picket, stake",piquet,1624,
!bijbzdan,CVCCCCVC,M,pissing,pisseur,1625,
zaʁar,CVCVC,M,plain,plaine,1626,
smummi,CCVCCV,M,complaint,plainte,1627,
smummuj,CCVCCVC,M,complaint,plainte,1628,
!lħdr,CCCC,F,joke,plaisanterie,1630,
!uzu,VCV,F,seedling,plant,1632,
brsmmum,CCCCCVC,F,plant with acidic taste,plante au goût acide,1633,
baʃil,CVCVC,M,sole (of foot),plante du pied,1634,
fzi,CCV,M,species of mugwort,espèce d'armoise,1635,
fllun,CCCVC,F,earthenware dish for bread,plat en terre cuite pour le pain,1637,
!rbʕi,CCCV,F,tray made of palm leaves,plateau en feuilles de palmier,1638,
!nidi,CVCV,M,fold,pli,1640,
!nzar,CCVC,M,rain,pluie,1643,
!rʃʃaʃ,CCCVC,M,very light rain,pluie très fine,1644,
natuf,CVCVC,M,"plucked (of an animal, e.g., lost feathers or fur)",plumé,1645,
lʒib,CCVC,M,pocket,poche,1647,
lmqla,CCCCV,F,stove,poêle,1648,
zli,CCV,M,poem,poème,1649,
!nddam,CCCVC,M,"poet; poem, poetry, poet, wife, job, art of the poet",poète,1651,!nd.dam
!ummaz,VCCVC,F,handle,poignée,1653,
!ummiz,VCCVC,M,handle,poignée,1654,
izbl,VCCC,M,hair,poil,1655,
slm,CCC,M,fish,poisson,1656,
dmr,CCC,M,chest,poitrine,1657,
gnannaj,CCVCCVC,M,polished and rounded (stone),polie et arrondie (pierre),1658,
!sgutti,CCVCCV,M,spawn,ponte,1659,
aruʃ,VCVC,F,porcupine,porc-épic,1660,
flu,CCV,F,portal,portail,1661,
aggur,VCCVC,F,portal,portail,1662,
massaj,CVCCVC,M,"carrier, transporter",porteur,1666,
grrab,CCCVC,M,carrier of water,porteur d'eau,1667,
nmdaj,CCCVC,M,setter of traps,poseur de pièges,1669,
gʷnnir,CCCVC,M,"ass, backside",postérieur,1670,
ʃigim,CVCVC,M,terracotta pot,pot en terre cuite,1671,
ʒwwal,CCCVC,M,pot for plants,pot pour les plantes,1672,
gʷmz,CCC,M,inch,pouce,1673,
nʁda,CCCV,F,"powder, grind","poudre, mouture",1674,
nʁʷr,CCC,M,chicken coop,poulailler,1675,
ʒdaʕ,CCVC,M,foal,poulain,1676,
zajz,CVCC,M,octopus,poulpe,1678,
χuʒmu,CVCCV,M,decay,pourriture,1679,
nttaw,CCCVC,M,thrust,poussée,1680,
ʁʷbbar,CCCVC,M,dust,poussière,1683,
!gdrur,CCCVC,M,dust,poussière,1684,!gd.rur
kjjaw,CCCVC,M,chick,poussin,1685,
gʒdi,CCCV,M,wooden beam,poutre en bois,1687,
mzwaru,CCCVCV,M,first thing,premier,1688,
mzwur,CCCVC,M,first predecessor,"premier, devancier",1689,
!rttal,CCCVC,M,"loans, borrowings","prêt, emprunt",1694,
matar,CVCVC,F,proof,preuve,1696,
!azalli,VCVCCV,F,prayer,prière,1697,
mʁʷaj,CCVC,M,taking,prise,1698,
!mmaz,CCVC,M,taking,prise,1699,
!awmmiz,VCCCVC,M,taking both hands,prise de deux mains,1700,
atig,VCVC,M,price,prix,1701,
adru,VCCV,F,depth,profondeur,1702,
arraw,VCCVC,M,"offspring, progeny",progéniture,1704,
smurri,CCVCCV,M,walk,promenade,1705,
murri,CVCCV,M,walk,promenade,1706,
mallaj,CVCCVC,F,"drive, tourism","promenade, tourisme",1708,
ʒmuʕ,CCVC,M,"talk about, chat","propos, causette",1709,
uʁus,VCVC,M,cleanliness,propreté,1710,
mggan,CCCVC,F,prostitute,prostituée,1711,
ʒarra,CVCCV,M,provincial (pejorative) person,"provincial (péj.), péquenot",1713,
ʒkʷni,CCCV,M,provincial (pejorative) person,provincial (péj.),1714,
qwwad,CCCVC,M,procurer,proxénète,1715,
nzzammu,CCCVCCV,M,stinking,puant,1717,
!uʒʒu,VCCV,F,stink,puanteur,1719,
zamma,CVCCV,F,stink,puanteur,1720,zam.ma
ggʷrdi,CCCCV,M,chip,puce,1721,
aggʷam,VCCVC,M,bailing water,puisage,1724,
nagam,CVCVC,N,whelk,puiseur,1726,
anu,VCV,M,well,puits,1727,
tamimt,CVCVCC,M,quality that is sweet,qualité de ce qui est sucré,1729,
sqsi,CCCV,M,issue interrogation,"question, interrogation",1730,
mʁil,CCVC,F,tail,queue,1732,
!mjjad,CCCVC,M,someone having the evil eye,qui a le mauvas oeil,1733,
!mlzi,CCCV,M,one who has a sprain,qui a une entorse,1734,
mʕkas,CCCVC,M,one who likes to oppose,qui aime s'opposer,1735,
!mittus,CVCCVC,M,"one who sleeps all the time, lazy person",qui dort tout le temps,1736,
mssfld,CCCCCC,M,"listener, like in a radio audience",auditeur,1737,
msl,CCC,M,saddle,râble,1738,
!zur,CVC,M,"root, nerve","racine, nerf",1739,
!krad,CCVC,M,scraping,raclement,1740,
!zzgd,CCCC,M,rage,rage,1742,
!sid,CVC,M,rage,rage,1743,
!adil,VCVC,M,grapes,raisin,1744,
zdam,CCVC,M,wood collection,ramassage de bois,1745,
nzdam,CCCVC,M,gatherer of wood,ramasseur de bois,1748,
glu,CCV,N,oar,rame,1749,
nbdad,CCCVC,M,banister,rampe d'escalier,1750,
sbri,CCCV,F,grater,râpe,1751,
bllaʁ,CCCVC,M,"protractor, rapporteur",rapporteur,1752,
ngul,CCVC,M,cactus racket,raquette de cactus,1753,n.gul
!nrfd,CCCC,M,spleen,rate,1754,
!izi,VCV,M,spleen,rate,1755,
ʁzr,CCC,M,ravine,ravin,1756,
!znzar,CCCVC,M,sunbeam,rayon de soleil,1757,
!krraʒ,CCCVC,M,scratch,rayure,1758,
siggl,CVCCC,M,research,recherche,1760,
lukaf,CVCVC,M,rubber container (part of waterwheel),récipient en caoutchouc (partie de noria),1761,
anas,VCVC,F,copper,cuivre,1762,
allas,VCCVC,M,resumption,recommencement,1763,
!aʁʁad,VCCVC,M,straightness,rectitude,1766,
smmaql,CCCVCC,M,look,regard,1768,
qzzaz,CCCVC,M,stare,regard fixe,1769,
!msttr,CCCCC,F,ruler to draw,règle pour tracer,1773,
!grwaz,CCCVC,F,regret,regret,1775,
!gzzl,CCCC,F,"kidney, kidney","rein, rognon",1777,
baʁuʁ,CVCVC,M,fox,renard,1778,
lmuggar,CCVCCVC,M,"meeting, moussem (Mawsim, a religious festival)","rencontre, moussem",1779,
irm,VCC,F,meal,repas,1782,
utʃi,VCCV,M,meal,repas,1783,
sunfu,CVCCV,M,rest,repos,1785,
,,F,"reserve, restraint","réserve, retenue, pudeur",1786,
magur,CVCVC,M,resting person,personne restante,1790,
!uzzig,VCCVC,F,milking (result of),résultat de la traite,1793,
!matul,CVCVC,M,latecomer,retardataire,1794,
murig,CVCVC,M,"singing, poetry","chant, poésie",1795,mu.rig
amun,VCVC,F,"meeting, company","réunion, compagnie",1798,
wargi,CVCCV,F,dream,rêve,1799,
krraʃ,CCCVC,M,"wrinkle, fold","ride, pli",1801,
saru,CVCV,M,channel,rigole,1802,
assas,VCCVC,F,"rigor (character, economics), austerity","rigueur (caractère, économie), austérité",1803,
!adsa,VCCV,F,laugh,rire,1806,
!sdsu,CCCV,M,laughingstock,risée,1808,
!ʒarif,CVCVC,M,rock,rocher,1809,
gllid,CCCVC,M,king,roi,1810,
sχurru,CCVCCV,M,snoring,ronflement,1812,
sħarraj,CCVCCVC,M,purring,ronronnement,1815,
ʁalim,CVCVC,M,reed,roseau,1818,
ʃʃwa,CCCV,M,roast,rôti,1819,
ʃwwaj,CCCVC,M,roaster,rôtisseur,1821,
!zggʷaʁ,CCCVC,M,red thing,rouge,1822,
!zuʁi,CVCV,F,redness,rougeur,1823,
anig,VCVC,F,rust,rouille,1824,
qʷnʒlli,CCCCCV,F,"roulade, acrobatics","roulade, acrobatie",1825,
ħlullu,CCVCCV,M,"roll, somersault","roulade, culbute",1826,
iqqr,VCCC,F,kick,ruade,1830,
sfuqqr,CCVCCC,M,kick,ruade,1831,
suk,CVC,F,street,rue,1832,
χrabbu,CCVCCV,M,ruin,ruine,1836,
mlal,CCVC,M,sand,sable,1837,
fnʃkkr,CCCCCC,M,hoof,sabot,1838,fn.ʃk.kr
wlk,CCC,M,pannier bag,sacoche,1841,
qʷrab,CCVC,M,pannier,sacoche,1842,
wnzr,CCCC,M,nosebleed,saignement du nez,1844,
gʷrram,CCCVC,M,saint,saint,1846,
zlmammu,CCCVCCV,M,salamander,salamandre,1848,
mrku,CCCV,M,dirty person,sale,1849,
,,M,"dirtiness, filth",saleté,1850,
!msri,CCCV,F,living room,salon,1851,
!urzij,VCCVC,M,sandal,sandale,1856,
ilf,VCC,N,boar,sanglier,1857,
blis,CCVC,M,Satan,satan,1863,
aʃitan,VCVCVC,F,discord,"satanerie, zizanie",1864,
ʒʒiwn,CCVCC,M,satiety,satiété,1865,
!andra,VCCCV,F,"jump, range of a jump","saut, portée d'un saut",1867,
!brran,CCCVC,M,wild (cat),sauvage (chat),1872,
fhim,CCVC,M,scientist,savant,1873,
ussna,VCCCV,F,knowledge,"savoir, connaissance",1874,
!fddaħ,CCCVC,F,scandal,scandale,1876,
ʃʃmutit,CCCVCVC,N,"scandal, calamity (weak sense)","scandale, calamité (sens faible)",1877,
gʷmaj,CCVC,M,"scansion, spelling","scansion, épellation",1878,
giʒʒi,CVCCV,M,beetle,scarabée,1879,
qnrif,CCCVC,M,palm tip,scion de palme,1881,
ʁirdm,CVCCC,M,scorpion,scorpion,1882,
aga,VCV,M,leather bucket,seau en cuir,1913,
uzu,VCV,F,drought,sécheresse,1916,u.zu
aʁar,VCVC,F,drought,sécheresse,1917,
ndudi,CCVCV,M,shock,secousse,1920,
isn,VCC,F,salt,sel,1923,
arik,VCVC,F,saddle,selle,1924,
baddaz,CVCCVC,M,cornmeal,semoule de maïs,1926,
sbaʕi,CCVCV,M,seventh,septième,1931,
galli,CVCCV,F,oath,serment,1932,
bnkal,CCCVC,M,snake,serpent,1933,
!lgʷmad,CCCVC,M,snake,serpent,1934,
!bbaʃkar,CCVCCVC,M,"talons, claws","serres, griffes",1935,
asad,VCVC,M,"lock, lock","serrure, verrou",1936,
sχχar,CCCVC,M,servant,servant,1937,
!snsg,CCCC,M,whistle,sifflement,1943,
sillf,CVCCC,M,"sign, gesture","signe, geste",1945,
!drf,CCC,M,furrow,sillon,1946,
sraf,CCVC,F,silo,silo,1947,
gʷrsa,CCCV,F,ploughshare,soc,1949,
rifi,CVCV,M,thirst,soif,1950,
rifi,CVCV,M,"thirst, drought, dryness","soif, sécheresse",1951,
!ʕskri,CCCCV,M,soldier,soldat,1952,
afuk,VCVC,F,sun,soleil,1953,
mdwws,CCCCC,M,solid thing or person,solide,1954,
dwas,CCVC,M,soundness,solidité,1955,
mʕzul,CCCVC,M,"solitary thing, typically a person",solitaire,1956,
!ids,VCC,M,sleep,sommeil,1957,!i.ds
nuddm,CVCCC,M,drowsiness,somnolence,1958,
sħħar,CCCVC,M,"sorcerer, magician","sorcier, magicien",1962,
ʃwari,CCVCV,M,sort of pack,sorte de bât,1963,
ikiw,VCVC,F,kind of cactus,sorte de cactus,1964,
!kʒbud,CCCVC,M,kind of cactus,sorte de cactus,1965,
hjjad,CCCVC,M,kind of dance,sorte de danse,1966,
,,M,kind of game (pebbles),sorte de jeu (caillous),1967,
wsaj,CCVC,M,kind of turnip,sorte de navet,1968,
!brdag,CCCVC,M,kind of fish,sorte de poisson,1969,
blaʁ,CCVC,M,kind of fish,sorte de poisson,1971,
sargal,CVCCVC,F,Bluefish,Tassergal,1972,
!warzzan,CVCCCVC,M,a kind of beetle,sorte de scarabée,1973,
!zdud,CCVC,M,kind of bird,sorte d'oiseau,1975,
bajħ,CVCC,M,kind of bird,sorte d'oiseau,1976,
ufuʁ,VCVC,M,exit,sortie,1977,
,,M,"spells, witchcraft","sorts, actes de sorcellerie",1979,
mrwas,CCCVC,M,"double, doppleganger",sosie,1980,
!gʒʒa,CCCV,M,tree stump ,souche,1981,
sggʷnfs,CCCCCC,M,"breath, breathing","souffle, respiration",1982,
askkif,VCCCVC,M,soup,soupe,1985,
ʁbalu,CCVCV,M,spring,source,1987,
,,F,eyebrow,sourcil,1988,
!drdur,CCCVC,M,deaf,sourd,1989,
ʁrda,CCCV,M,mouse,souris,1990,
!amdlus,VCCCVC,M,sneaky person or animal,sournois,1991,!a.md.lus
ukksa,VCCCV,F,"subtraction, weaning","soustraction, sevrage",1992,
ikʷljan,VCCCVC,F,soot,suie,1996,
!ndfur,CCCVC,M,next person or thing,suivant,1997,
nbdad,CCCVC,M,supervisor,surveillant,2002,
nflus,CCCVC,M,supervisor appointed by the Djemaa,surveillant désigné par la djemâa,2003,
aggʷal,VCCVC,M,suspension,suspension,2006,
lluħ,CCVC,F,"table, board","tableau, planche",2007,
!brbʃ,CCCC,M,stain,tâche,2008,
!brbaʃ,CCCVC,M,spotted,tacheté,2010,
brar,CCVC,M,spotted,tacheté,2011,
gadda,CVCCV,F,"size, dimension, equality","taille, dimension, égalité",2012,
iddi,VCCV,M,"size, standing","taille, station debout",2013,
wrz,CCC,M,heel,talon,2016,
llun,CCVC,F,tambourine,tambourin,2017,
gwwal,CCCVC,M,tambourine,tambourin,2018,
!zazu,CVCV,M,noise,tapage,2021,
sqqrbl,CCCCCC,M,"noise, uproar, fuss","tapage, remue-ménage",2022,
!zrbi,CCCV,F,carpet,tapis,2023,
ħnbl,CCCC,M,carpetblanket,tapiscouverture,2024,
mdduz,CCCVC,M,heap,tas,2025,
gudi,CVCV,M,heap,tas,2026,
mqquz,CCCVC,M,pile of dung,tas de fiente,2027,
krkur,CCCVC,M,pile of stones,tas de pierre,2028,
!rrʃm,CCCC,M,tattoo,"tatouage, marque",2029,
rʃʃam,CCCVC,M,tattooist,tatoueur,2031,rʃ.ʃam
wmmat,CCCVC,M,bull,taurillon,2032,
!aʒʒid,VCCVC,M,ringworm (skin infection),teigne,2034,
lkif,CCVC,M,cannabis,cannabis,2035,
!mʒʒud,CCCVC,M,person with ringworm infection,teigneux,2036,
ʒiχχi,CVCCV,M,sandstorm,tempête de sable,2037,
!gitun,CVCVC,M,tent,tente,2041,
akal,VCVC,M,land,terre,2042,
dqqi,CCCV,M,terracotta (object made of ...),"terre cuite, (objet fait de...)",2043,
zgʷi,CCV,F,shard,tesson,2044,
!frzzi,CCCCV,M,"shard, splinter","tesson, éclat",2045,
glaj,CCVC,M,testicle,testicule,2046,
iχf,VCC,M,head,tête,2047,
gajju,CVCCV,M,head,tête,2048,
ataj,VCVC,M,tea,thé,2050,
lbrrad,CCCCVC,M,tea-pot,théière,2051,
ulbu,VCCV,M,"tepidity, quality of being lukewarm",tiédeur,2052,
lhaffa,CCVCCV,M,wig,tignasse,2054,
ʃakuk,CVCVC,M,wig,tignasse,2055,
nħʃum,CCCVC,M,"shy, modest","timide, pudique",2056,
slluf,CCCVC,M,tick,tique,2057,
ʒbbud,CCCVC,M,pulling,tirage,2058,
aldaj,VCCVC,M,pulling,tirage,2059,
safu,CVCV,M,"ember, brand",tison,2062,
tilist,CVCVCC,M,fleece,toison,2066,
!mdl,CCC,F,"grave, grave slab","tombe, dalle tombale",2067,!m.dl
mlas,CCVC,M,shearer,tondeur,2069,
ggig,CCVC,M,thunder,tonnerre,2071,
alas,VCVC,M,shearing,tonte,2072,
sfiw,CCVC,M,torch,torche,2073,
sslaj,CCCVC,M,roasting,torréfaction,2075,
buttgra,CVCCCCV,M,turtle,tortue,2076,
uggra,VCCCV,F,touch,toucher,2078,
griwl,CCVCC,M,tour,tour,2080,
!ndaf,CCVC,F,turn of duty,tour de garde,2081,
sutl,CVCC,M,"turn, pass, circumvention","tour, contournement",2082,
usu,VCV,F,cough,toux,2087,
lʁʷdr,CCCC,F,betrayal,trahison,2091,
krr,CCC,M,"trail, trace, worn thing","trainée, chose usée",2092,
!sttar,CCCVC,M,"line, made with writing instrument",trait,2095,
sldi,CCCV,M,line (harness),trait (harnachement),2096,
!tuzzgt,CVCCCC,M,"milking, milking action","traite, action de traire",2097,
ʁʷddar,CCCVC,M,traitor,traître,2098,
mʁdar,CCCVC,M,traitor,traître,2099,
assaj,VCCVC,M,transport,transport,2100,
lχdm,CCCC,F,work,travail,2101,
ʃʃʁʷl,CCCC,M,"work, occupation","travail, occupation",2102,
mʃʁal,CCCVC,M,"hard working, worker",travailleur,2105,
χddam,CCCVC,M,"worker, worker","travailleur, ouvrier",2106,
zzgr,CCCC,M,"crossing, crossing over","traversée, enjambement",2107,
argagaj,VCCVCVC,F,tremor,tremblement,2109,ar.ga.gaj
argiga,VCCVCV,M,tremor,tremblement,2110,
wargiga,CVCCVCV,M,shaking,tremblotement,2112,
zlag,CCVC,M,braiding,tressage,2113,
!kjjud,CCCVC,M,plait,tresse,2114,
staj,CCVC,M,"sorting, filtering","tri, filtrage",2116,
,,M,tribulations,tribulations,2117,
mʁʃuʃ,CCCVC,M,cheater,tricheur,2118,
sagʷl,CVCC,M,tripe,tripes,2122,
,,F,"deceit, hypocrisy","tromperie, hypocrisie",2124,
kʷnnad,CCCVC,M,misleading,trompeur,2125,
ʃnbi,CCCV,F,hole,trou,2126,
nqbi,CCCV,F,hole,trou,2127,
niʁi,CVCV,M,person killed in action,tué au combat,2128,
qttal,CCCVC,M,killer,tueur,2130,
fttak,CCCVC,M,"killer, slaughterer","tueur, massacreur",2131,
!ddsar,CCCVC,F,turbulence,turbulence,2132,
basli,CVCCV,F,"turbulence, lack of discipline","turbulence, indiscipline",2133,
ʒʕbub,CCCVC,M,pipe,tuyau,2134,
qadus,CVCVC,M,pipe,tuyau,2135,
!ibzdan,VCCCVC,F,urine,urine,2136,
fʃku,CCCV,M,utensil,ustensile,2139,
srwi,CCCV,M,utensil to mix,ustensile pour mélanger,2140,
ruku,CVCV,M,utensil,ustensile,2141,
mazʁa,CVCCV,F,amazighness,amazighite,2142,
lulli,CVCCV,M,vagrancy,vagabondage,2145,lul.li
lullu,CVCCV,M,vagrancy,vagabondage,2146,
bʃʃi,CCCV,M,vagina,vagin,2147,
ʃttir,CCCVC,M,vagina,vagin,2148,
sggʷi,CCCV,F,"van, trash basket","van, corbeille",2151,
!zwaj,CCVC,M,winnowing,vannage,2152,
ginan,CVCVC,M,valve,vanne,2153,
!mzwaj,CCCVC,N,winnower,vanneur,2156,
rigg,CVCC,M,steam,vapeur,2157,
lʁʷrraf,CCCCVC,M,drinking vessel,vase à boire,2158,
ʁʷrraf,CCCVC,M,drinking vessel,vase à boire,2159,
llullu,CCVCCV,M,wallowing,vautrement,2160,
ʕlluʃ,CCCVC,N,veal,veau,2161,
wiz,CVC,M,eve,veille,2164,
wizi,CVCV,F,support vigil,veillée d'entraide,2165,
ʒiwwi,CVCCV,M,strong wind,vent fort,2168,
!ħbbud,CCCVC,M,belly,ventre,2169,
ħlig,CCVC,M,belly,ventre,2170,
buχχu,CVCCV,M,worm,ver,2171,
zgzu,CCCV,F,"freshness, greenery","verdeur, verdure",2172,
mʁil,CCVC,M,penis,verge,2173,
!sllab,CCCVC,M,"rod, whip","verge, fouet",2174,
urti,VCCV,M,orchard,verger,2175,
madl,CVCC,M,slope,"versant, joue",2176,
zgzaw,CCCVC,M,green,vert,2178,
,,F,"dizziness, nausea","vertige, nausée",2179,
kuʃʃi,CVCCV,M,"vesse, flatulence","vesse, flatulence",2180,
adgal,VCCVC,M,widower,veuf,2183,
,,F,"meat, dried tripe","viande, tripes séchées",2185,
ʁrsi,CCCV,F,"victim, sacrifice in a festival","victime, sacrifice",2186,
tudrt,CVCCC,M,"life, survival","vie, survie",2187,
fqqir,CCCVC,M,old person,vieillard,2188,
ʃiban,CVCVC,M,old person,vieillard,2189,
nbur,CCVC,M,"old bachelor, spinster","vieux garçon, vieille fille",2191,
bninka,CCVCCV,M,viper,vipère,2192,
udm,VCC,M,face,visage,2193,
nrzif,CCCVC,M,visitor,visiteur,2195,
ddr,CCC,M,"living person (first name, used after preceding baby lost)",vivant (prénom),2196,
ʁnbur,CCCVC,M,veil,voile,2197,
!addʒar,VCCCVC,M,neighbor,voisin,2200,
!ukkrda,VCCCCV,F,flight,vol,2201,
mχχar,CCCVC,F,flight,vol,2202,
ajlal,VCCVC,M,"volatile, bird",volatile,2203,
mχχar,CCCVC,M,thief,voleur,2208,
mikr,CVCC,M,thief,voleur,2209,
makar,CVCVC,M,thief,voleur,2210,
!ʃffar,CCCVC,M,"thief, swindler","voleur, escroc",2211,
muddu,CVCCV,M,travel,voyage,2214,
nmaddu,CCVCCV,M,traveler,voyageur,2216,
!zri,CCV,M,view,vue,2217,
ʁʷri,CCV,F,dinghy,youyou,2218,ʁʷ.ri
,,M,water,eau,2219,
,,M,blood,sang,2220,
,,M,saliva,salive,2221,
mkil,CCVC,F,plate,assiette,2222,
!fdna,CCCV,F,water boiler,chaudière d'eau,2223,
,,M,"intestines, viscera","intestins, viscères",2224,
ʃiʃ,CVC,F,esparto cup,couffe en alfa,2225,
ħkuk,CCVC,M,pancake,galette,2226,
,,M,buckwheat semolina,semoule de blé noir,2227,
agʷlla,VCCCV,F,cereal porridge,bouillie de céréales,2228,
ummi,VCCV,F,flour dough,pâte de farine,2229,
lχʃa,CCCV,F,broad bean porridge,bouillie de fèves,2230,
,,M,mix of roasted and boiled grains,mélange de grains grillés ou cuits à l'eau,2231,
,,M,donuts,beignets,2232,
,,M,meat,viande,2233,
argan,VCCVC,M,"argan (tree, oil)","argane (arbre, huile)",2234,
ur,VC,F,lung,poumon,2235,
iʁil,VCVC,M,arm,bras,2236,
!nutfi,CVCCV,F,water cistern,citerne d'eau,2237,
zinna,CVCCV,F,sling,fronde,2238,
,,M,winnowing residues,résidus du vannage,2239,
!drf,CCC,M,furrow,sillon,2250,
!dwwar,CCCVC,M,hamlet,village,2251,
!grd,CCC,M,a higher,au-dessus,2252,
!zlmad,CCCVC,M,left,gauche,2253,!zl.mad
,,M,"fine, penalty",amende,2254,
!bifandi,CVCVCCV,M,forbidden thing,interdit,2255,
!brra,CCCV,M,countryside,dehors,2256,
!dariba,CVCVCV,F,tax,taxe,2257,
!ddamn,CCVCC,M,"warranter, like a co-signer on a loan",garant,2258,
!ddhr,CCCC,M,back,dos,2259,
!addif,VCCVC,M,guest,invité,2260,
!ddur,CCVC,M,round,tour,2261,
!ddraf,CCCVC,F,kindness,gentillesse,2262,
!garru,CVCCV,M,cigarettes,cigarettes,2263,
!ħurma,CVCCV,F,mercy,merci,2264,
!ndalab,CCVCVC,M,beggars,mendiant,2265,
!laraf,CVCVC,F,"police patrol, raid or roundup",rafle de police,2266,
!lasl,CVCC,M,origin,origine,2267,
,,F,leftovers of a sacrificial animal,restes,2268,
!laz,CVC,M,hunger,faim,2269,
,,M,news,nouvelles,2270,
!lbadl,CCVCC,M,calumny,calomnie,2271,
!lbaraka,CCVCVCV,F,benediction,bénédiction,2272,
!lbisara,CCVCVCV,F,bean soup,soupe de fèves,2273,
!lblas,CCCVC,F,place,place,2274,
!lbsir,CCCVC,M,blind person,aveugle,2275,
!lbzdam,CCCCVC,M,purse,porte-feuilles,2276,
!lfdl,CCCC,M,profit,profit,2277,
!lfʒr,CCCC,M,dawn,aube,2278,!lf.ʒr
!lgaraʒ,CCVCVC,M,garage,garage,2279,
!lhdrt,CCCCC,M,joke,plaisanterie,2280,
!lħħram,CCCCVC,M,sinful thing,interdit par la religion,2281,
!lħrb,CCCC,M,battle,bataille,2282,
!lizar,CVCVC,M,sheet,drap,2283,
!lkaskrut,CCVCCCVC,M,snack,casse-croute,2284,
!lkiʁd,CCVCC,M,marriage certificate,acte de mariage (papier),2286,
!lkrrusa,CCCCVCV,F,cart,charrette,2287,
!lksida,CCCVCV,F,accident,accident,2288,
!llah,CCVC,M,God,Dieu,2289,
!llaʒr,CCVCC,M,reward,récompense au sens religieux,2290,
!lmarka,CCVCCV,F,brand,marque,2291,
!lmjadi,CCCVCV,M,ablutions room,salle d'ablutions,2292,
!lmntiħ,CCCCVC,M,dunce,têtu,2293,
!lmraʃʃa,CCCVCCV,F,perfume spray,vaporisateur de parfun,2294,
!lmrʒl,CCCCC,M,bucket,seau,2295,
!lmsχut,CCCCVC,M,who obtains wrath of parents,maudit par ses parents,2296,
!lmusiba,CCVCVCV,F,disaster,désastre,2297,
!lmzʁub,CCCCVC,M,unthankful,ingrat,2298,
!lmʕruf,CCCCVC,M,sacrifical slaughter,hécatombe,2299,
!lqadi,CCVCV,M,judge,juge,2300,
!lqadija,CCVCVCV,F,affair,affaire,2301,
!lqsar,CCCVC,F,a party,amusement,2302,
!lʁar,CCVC,M,cave,grotte,2303,
!lʁarad,CCVCVCV,M,"business, purpose",affaire,2304,!l.ʁa.rad
!lutar,CVCVC,M,lute,sorte de luth,2305,
!lʒutij,CCVCVC,F,frippery,fripperie,2306,
!lʕarada,CCVCVCV,F,honor,honneur,2307,
!lʕbr,CCCC,F,measure of seeds,mesure de grains,2308,
!lʕmmr,CCCCC,M,lifetime,âge,2309,
!lʕrbun,CCCCVC,M,retainer,acompte,2310,
!lʕrg,CCCC,M,sweat,sueur,2311,
!lχatr,CCVCC,M,mind,bonne humeur,2312,
,,F,testicle,testicule,2313,
!lχtij,CCCVC,F,penalty,amende,2314,
!lkbbut,CCCCVC,M,coat,manteau,2315,
!nnaʃat,CCVCVC,M,activity,"activité, amusement",2316,
!nndm,CCCC,M,"poetry, chant",poésie,2317,
!nnur,CCVC,M,light,lumière,2318,
!nss,CCC,M,half,moitié,2319,
!ʁass,CVCC,M,today,ajourd'hui,2320,
!rbbi,CCCV,M,"God, more general term than Allah",Dieu,2321,
!rraħ,CCVC,F,rest,repos,2322,
!rrami,CCVCV,M,male person,personne male,2323,
!rrawda,CCVCCV,F,cemetery,cimetière,2324,
!rrbiʕ,CCCVC,M,green plants,herbe,2325,
!rrda,CCCV,M,blessing,bénédiction,2326,
!rrij,CCVC,M,opinion,opinion,2327,
!rrmman,CCCCVC,M,pomegranate,grenade (fruit),2328,
!rrubuʕ,CCVCVC,M,quarter,quart,2329,!r.ru.buʕ
!rrsas,CCCVC,M,"lead, munitions","plomb, munitions",2330,
!rruħ,CCVC,M,soul,âme,2331,
!rrzq,CCCC,M,livelihood,moyen de subsistance,2332,
!ssaħb,CCVCC,M,owner,propriétaire,2333,
!sbaħ,CCVC,M,morning,mtin,2334,
!suldi,CVCCV,M,nothing,"sou, rien",2335,
!ssabi,CCVCV,M,"boy, girl",gamin,2336,
!ssadaqa,CCVCVCV,F,charity,"charité, aumône",2337,
!ʃʃafur,CCVCVC,M,driver,chauffeur,2338,
!ssbbat,CCCCVC,M,shoes,chaussure,2339,
!ssgit,CCCVC,F,meat carcass,quartier de viande,2340,
!sshd,CCCC,M,heat,chaleur,2341,
!ʃʃitan,CCVCVC,M,Satan,Satan,2342,
!sskkwar,CCCCCVC,M,sugar,sucre,2343,
!ssltan,CCCCVC,M,Sultan,sultan,2344,
!ssnduq,CCCCVC,M,a wooden box,caisse,2345,
!ssniʕ,CCCVC,F,practice,métier,2346,
!ʃʃraʕ,CCCVC,M,"Law, justice",loi,2347,
!ʃʃrd,CCCC,M,condition (an if statement),condition,2348,
!ssrf,CCCC,M,exchange,change,2349,
!ssuq,CCVC,M,market,souk,2350,
!akkʷzin,VCCCVC,F,afternoon,prière de l'après-midi,2351,
!mubil,CVCVC,F,a car,automobile,2352,
!rrbiʕ,CCCVC,F,box,petite boite,2353,
,,F,offals,abats,2354,
,,F,barley,orge,2355,
!rbʕij,CCCVC,F,measure,mesure de grains,2356,
!tsrfiqa,CCCCVCV,F,a slap,gifle,2357,
!ttalb,CCVCC,M,master,maître religieux,2358,
!ttaʒin,CCVCVC,M,tajine,tagine,2359,
!tbla,CCCV,F,tray,table,2360,
!tijara,CVCVCV,F,airplanes,avion,2361,
!ttir,CCVC,M,a bird,oiseau,2362,
!ttms,CCCC,M,"dunce, stupidity",stupidité,2363,
!ttmʕ,CCCC,M,greed,cupidité,2364,
!ttrbij,CCCCVC,F,education,éducation,2365,
!ttul,CCVC,M,length,longueur,2366,
!tʕam,CCVC,M,food,nourriture,2367,
!zzhr,CCCC,M,luck,chance,2369,
!zzizwar,CCVCCVC,M,shaver,rasoir,2370,
!zʕdud,CCCVC,M,monkey,singe,2371,
!qqndar,CCCCVC,M,quintal,quintal,2373,
!tbsil,CCCVC,M,dish,"plat, assiette",2374,
!zalim,CVCVC,M,onion,oignon,2375,
brrani,CCCVCV,M,foreigner,étranger,2377,
brʒwazi,CCCCVCV,M,Bourgeois,bourgeois,2378,
adis,VCVC,M,stomach,ventre,2379,
fasi,CVCV,M,from Fes,originaire de Fes,2381,
fasi,CVCV,M,straight,droit (adj.),2381,
,,M,thunder,tonnerre,2382,
gʷns,CCC,M,inside,dedans,2383,
gʷri,CCV,M,"perile, doom","péril, perte",2384,
ħttab,CCCVC,M,woodcutter,bûcheron,2385,
ħwaʃ,CCVC,M,festive round,dance collective traditionnelle,2386,
gʷma,CCV,M,"brother, sister",frère,2387,
mrrakʃi,CCCVCCV,M,Marrakchi,originaire de Marrakech,2388,
mttʃu,CCCCV,M,food,aliment,2390,
amud,VCVC,M,seed,graine,2391,
nʃajwi,CCVCCV,M,canabis smoker,fumeur de cannabis,2392,
,,M,embers,braises,2393,
ʁanim,CVCVC,M,reed,roseau,2394,
ʃfnaʒ,CCCVC,M,"beignet maker, seller","vendeur de beignets, qui fait les beignets",2395,
ʃfnaʒi,CCCVCV,M,Manufacturer of beignet,venduer de beignets,2396,
sga,CCV,M,cheek,côté,2397,
sʕdi,CCCV,M,lucky person,chanceux,2398,
wttu,CCCV,M,plot,parcelle,2399,
χmmas,CCCVC,M,sharecropper,métayer,2400,
χrraz,CCCVC,M,shoemaker,cordonnier,2401,
baba,CVCV,M,father,père,2403,
bba,CCV,M,father,père,2404,
lbgri,CCCCV,M,cattle,bovin,2405,
bnadm,CCVCC,M,human being,être humain,2406,
bulhmum,CVCCCVC,M,"careworn person, worrier",anxieux,2407,
ddarak,CCVCVC,M,gendarmerie,gendarmerie,2408,
ddhb,CCCC,M,gold,or,2409,d.dhb
ddibbu,CCVCCV,M,depot,dépôt,2410,
ddikr,CCVCC,M,qoran reading,psalmodie,2411,
ddl,CCC,M,submission,soumission,2412,
ddnb,CCCC,M,a sin,péché,2413,
ddri,CCCV,M,"child, children",enfants,2414,
ddriwʃ,CCCVCC,M,gentle or poor person,pauvre ou gentil,2415,
ddrʕ,CCCC,M,coercion,coercition,2416,
dduni,CCVCV,F,life,vie ici-bas,2417,
dduzan,CCVCVC,M,tools,outils,2418,
ddwa,CCCV,M,medication,médicament,2419,
frank,CCVCC,M,Franc,franc,2420,
ħnna,CCCV,M,"cherished person, like family member",chéri,2422,
!dgam,CCVC,M,yesterday,hier,2424,
drbal,CCCVC,M, used clothings,frippes,2425,
flani,CCVCV,M,unknown,untel,2426,
gdmi,CCCV,M,guests,invités,2427,
iwi,VCV,N,"daughter, son",fils ou fille,2428,
malass,CVCVCC,M,week,semaine,2429,
,,M,plowshares,soc,2430,
immi,VCCV,F,mother,mère,2431,
inna,VCCV,F,mother,mère,2432,
,,M,wheat,blé,2433,
ʃkkam,CCCVC,M,informer,délateur,2434,
,,M,couscous,couscous,2436,
kilu,CVCV,M,kilogram,kilogramme,2437,ki.lu
lmakan,CCVCVC,M,place,"place, endroit",2438,
ladab,CVCVC,M,politeness,politesse,2439,
lħkam,CCCVC,M,judgements,jugements,2440,
laman,CVCVC,M,security,sécurité,2441,
lamin,CVCVC,M,representative of craftsmen,doyen d'un profession,2442,
lantrit,CVCCCVC,F,retirement,retraite,2443,
lamr,CVCC,M,order,ordres,2444,
lwali,CCVCV,M,saints,saints,2445,
lbab,CCVC,M,door,porte,2446,
lbaki,CCVCV,F,packet,paquet,2447,
lbakur,CCVCVC,M,early figs,figues précoces,2448,
lbaʃa,CCVCV,M,"Pacha, government employee, regional",Pacha,2449,
lbbun,CCCVC,F,butts,mégot,2450,
lbhim,CCCVC,F,beast,"animal, bête",2451,
lbħr,CCCC,M,sea,mer,2452,
lbiru,CCVCV,M,headquarters of the authorities,bureau,2453,
lbit,CCVC,F,room,chambre,2454,
lbiʕ,CCVC,M,sale,vente,2455,
lbulis,CCVCVC,M,police,police,2456,
lbunja,CCVCCV,F,fist,coup de poing,2457,
buʒadi,CVCVCV,M,"provincial person, naive",provincial,2458,
lfal,CCVC,M,omen,présage,2459,
lfatħa,CCVCCV,F,Fatiha (sourat),verset du Coran qui clôt généralement une cérémonie officielle,2460,
lflus,CCCVC,M,money,argent,2461,
lfqqih,CCCCVC,M,master,maître religieux,2462,l.fq.qih
lfrħ,CCCC,M,festivity,"joie, fête",2463,
lgajla,CCVCCV,F,part of the day before noon,partie de la journée située avant midi,2464,
lgnbri,CCCCCV,M,sort of traditional lute,sorte de luth traditionnel,2465,
lgrgaʕ,CCCCVC,M,nut,noix,2466,
lgrʃ,CCCC,M,old silver coin; currency/jewel,pièce d'argent ancienne,2467,
lħal,CCVC,N,"time, state","temps, état",2469,
lħanan,CCVCVC,M,tenderness,tendresse,2471,
lħaqiqa,CCVCVCV,F,truth,vérité,2472,
lħaqq,CCVCC,M,law,"vérité, droit",2473,
lħaʒʒ,CCVCC,M,pilgrim,pèlerin,2474,
lhbal,CCCVC,M,madness,folie,2475,
lħbs,CCCC,M,jail,prison,2476,
lhdij,CCCVC,F,gifts,présent,2477,
lħil,CCVC,F,"cunningness, cleverness",ruse,2478,
lhiʃ,CCVC,F,beast,monstre,2479,
lħiʒ,CCVC,M,pilgrimage,pèlerinage,2480,
lħja,CCCV,M,modesty,pudeur,2481,
lħkma,CCCCV,F,wisdom,sagesse,2482,
lħlqa,CCCCV,F,round theater,attroupement autour d'un artiste de rue,2483,
lħlluf,CCCCVC,M,bear,porc,2484,
lħml,CCCC,M,weight,fardeau,2485,
lħmmam,CCCCVC,M,bath,bain,2486,
lhna,CCCV,M,peace,paix,2487,
lħnan,CCCVC,F,tenderness,tendresse,2488,
lhrawa,CCCVCV,F,bludgeon,gourdin,2489,lh.ra.wa
lħrf,CCCC,M,letter,lettre alphabet,2490,
lhri,CCCV,M,shop,magasin,2491,
lħrkt,CCCCC,M,movement,mouvement,2492,
lħaʒ,CCVC,F,clothes,vêtements,2493,
liqqam,CVCCVC,F,mint,menthe,2494,
liʒar,CVCVC,F,salary,salaire,2495,
liχrt,CVCCC,M,Judgment Day,dernier jugement,2496,
lkarim,CCVCVC,M,generous person,généreux,2497,
lkas,CCVC,M,cup,verre,2498,
!lkrrusa,CCCCCVCV,F,carts,charrette,2499,
!llkrrusa,CCCCCVCV,F,carts,charrette,2499,
lkʃif,CCCVC,F,difficulty,difficulté,2500,
lksut,CCCVC,F,cloth,vétement,2501,
lkttan,CCCCVC,M,tissue,tissu,2502,
lkʷrsi,CCCCV,M,chair,chaise,2503,
lbur,CCVC,M,fallow land,terre en jachère,2504,
llitʃin,CCVCCVC,M,orange,orange,2505,
lkumisir,CCVCVCVC,M,police commissioner,commissaire de police,2506,
lmʒrr,CCCCC,M,drawer,tiroir,2507,
lqhwa,CCCCV,F,coffee,café,2508,
lltam,CCCVC,M,veil,voile,2509,
lχzin,CCCVC,M,storage,dépôt,2510,
lmaħal,CCVCVC,M,location,lieu,2511,
lmal,CCVC,M,money,argent,2512,
,,F,angels,ange,2514,
lmaqam,CCVCVC,M,"place, position",statut,2515,
lmasala,CCVCVCV,F,problem,"question, problème",2516,
lmaʕun,CCVCVC,M,utensil,récipient,2517,
lmdin,CCCVC,F,city,ville,2518,
lmħkma,CCCCCV,F,court,"cour, tribunal",2519,
lmiziria,CCVCVCVV,F,poverty,misère,2520,
,,F,real estate,biens,2521,
lmliħ,CCCVC,M,good quality,bonne qualité,2522,
lmllaħ,CCCCVC,M,l-mllaħ,quartier juif,2523,
mljun,CCCVC,M,millions,millions,2524,
lmqddm,CCCCCC,M,chief,chef,2525,
lmqqttʕ,CCCCCCC,M,miserable person,misérable,2526,
lmskin,CCCCVC,M,poor person,pauvre,2527,
lmʃmaʃ,CCCCVC,M,apricot,abricot,2528,
lmudakara,CCVCVCVCV,F,conversation,conversation,2529,
lmuddn,CCVCCC,M,muezzin,muezzin,2530,
lmudʕ,CCVCC,M,place,"endroit, village",2531,
lmufallis,CCVCVCCVC,M,loser,perdant,2532,
lmuħsin,CCVCCVC,M,beneficents,bienfaiteurs,2533,
lmuqqf,CCVCCC,M,main square,lieu où les ouvriers attendent un recruteur,2534,
lmusamiħa,CCVCVCVCV,F,forgiveness,pardon,2535,
lmuss,CCVCC,M,knife,couteau,2536,
lmʒrtl,CCCCCC,M,vagabond,vagabond,2537,
lmʕlm,CCCCC,M,professional person,maître (au sens professionnel),2538,
lmʕqqul,CCCCCVC,M,seriousness,sérieux,2539,lm.ʕq.qul
,,M,guardians of peace,membre des Forces Auxiliaires,2540,
lmχzn,CCCCC,M,Authority,Makhzen,2541,
lqanun,CCVCVC,M,law,"droit, loi",2542,
qhwi,CCCV,M,coffee,café,2543,
ʃibi,CVCV,M,blue sky,bleu ciel,2544,
smawi,CCVCV,M,blue sky,bleu ciel,2545,
lqijama,CCVCVCV,F,"day of retribution, Judgment Day",dernier jugement,2546,
lqndil,CCCCVC,M,torch,lampe à huile,2547,
lqajd,CCVCC,M,mayor,Officier de l'autorité administrative,2548,
qhwaʒi,CCCVCV,M,cafe owner,cafetier,2549,
lqmr,CCCC,M,gambling,jeu de hasard,2550,
lqsb,CCCC,F,casbah,Kasbah,2551,
lqsr,CCCC,M,palace,palais,2552,
lʁaba,CCVCV,F,a forest,forêt,2553,
lʁadab,CCVCVC,M,anger,colère,2554,
lʁasul,CCVCVC,M,lavender,lavande,2555,
lʁʷdr,CCCC,F,treason,traîtrise,2556,
ttaman,CCVCVC,M,price,prix,2557,
luqid,CVCVC,M,matches,allumettes,2558,
luq,CVC,F,time,temps,2559,
lutiq,CVCVC,F,document,document,2560,
luzin,CVCVC,M,factories,usines,2561,
luzir,CVCVC,M,minister,ministre,2562,
lwalid,CCVCVCV,M,parents,parents,2563,
lʒam,CCVC,M,bridle (for a horse),bride,2564,l.ʒam
lʒdid,CCCVC,M,new thing,neuf,2565,
lʒiht,CCVCC,F,region,"région, direction",2566,
lʒmaʕ,CCCVC,F,community,"communauté, conversation",2567,
lʒn,CCC,F,paradise,paradis,2568,
,,M,generous persons,généreux,2569,
lʕadad,CCVCVC,M,number,nombre,2570,
lʕahd,CCVCC,M,promise,promesse,2571,
lʕaql,CCVCC,M,brain,cerveau,2572,
lʕar,CCVC,M,protection,protection,2573,
lʕaʒab,CCVCVC,M,oddities,choses étonnantes,2574,
lʕadl,CCVCC,M,notary,notaire traditionnel,2575,
lʕfrit,CCCCVC,M,devil,démon,2576,
lʕib,CCVC,M,default,défaut,2577,
lʕibada,CCVCVCV,F,worship,culte,2578,
lʕid,CCVC,M,holiday,fête,2579,
lʕlf,CCCC,M,"feed, ration",fourrage,2580,
lʕunwan,CCVCCVC,M,adress,adresse,2581,
lʕwin,CCCVC,M,food,"aide, provisions",2582,
lχatm,CCVCC,M,ring,bague,2583,
lχatr,CCVCC,M,mind,esprit,2584,
lχir,CCVC,M,heavenly manna,manne céleste,2585,
lχla,CCCV,M,outside,"endroit inhabité, sauvage",2586,
lχlq,CCCC,M,creature,créature,2587,
lχnʃt,CCCCC,F,sack,sac,2588,
lχuf,CCVC,M,fear,peur,2589,l.χuf
lχumus,CCVCVC,M,a fifth,cinqième,2590,
lχuχ,CCVC,M,peach fruit,pêche (fruit),2591,
lχʷlas,CCCVC,M,payroll,"paie, salaire",2592,
,,M,people,gens,2593,
lmudda,CCVCCV,F,duration,durée,2594,
nnbi,CCCV,M,prophet,prophète,2595,
nnij,CCVC,F,faith,confiance,2596,
nnikaħ,CCVCVC,M,marriage,mariage,2597,
nniʃan,CCVCVC,M,straight ahead,tout droit,2598,
nnmra,CCCCV,F,number,numéro,2599,
nnqqʷr,CCCCC,F,silver,argent,2600,
nnqt,CCCC,M,notes,jeu de musicien,2601,
nnʕmt,CCCCC,F,graces,grâces,2602,
ʁijjid,CVCCVC,M,by night,de nuit,2603,
rrjad,CCCVC,M,big house,maison traditionnelle,2604,
rrwina,CCCVCV,F,disorder,désordre,2605,
rrχa,CCCV,M,inexpensive,peu cher,2606,
ssbaʁ,CCCVC,F,painting,peinture,2607,
sidi,CVCV,M,"lord, saint",terme de respect,2608,
sksu,CCCV,M,couscous,couscous,2609,
ssijid,CCVCVC,M,"saints, marabout","marabouts, saints",2610,
ʃʃafaqa,CCVCVCV,M,pity,pitié,2611,
ssbib,CCCVC,M,nylon thread,fil de canne à pêche,2612,
ssbsi,CCCCV,M,pipe,pipe,2613,
ʃʃfnʒ,CCCCC,M,beignet,beignet,2614,ʃʃ.fnʒ
ʃʃhr,CCCC,M,month,mois,2615,
ssibab,CCVCVC,M,reason,raison,2616,
ssif,CCVC,M,sword,épée,2617,
sskwila,CCCCVCV,M,school,école,2618,
sslam,CCCVC,M,hello,salut,2619,
ssliʕ,CCCVC,F,goods,marchandise,2620,
ssllum,CCCCVC,M,scale,échelle,2621,
sslukt,CCCVCC,M,ceremony involving verses of Koran,cérémonie avec lecture de versets de Coran,2622,
ssmm,CCCC,M,poison,poison,2623,
ʃʃqf,CCCC,M,pipe,bout de pipe (en terre cuite),2624,
ʃʃqa,CCCV,M,"pain, labor","peine, labeur",2625,
ʃʃra,CCCV,M,purchase,achat,2626,
ʃʃrab,CCCVC,M,wine,"vin, alcool",2627,
ssrbis,CCCCVC,M,waiting line,file d'attente ,2628,
ʃʃri,CCCV,F,cord,cord,2629,
ssrwal,CCCCVC,M,slacks,patalon,2630,
!ʃʃanti,CCVCCV,F,roads,routes,2631,
!ʃʃurta,CCVCCV,M,police,police,2632,
brat,CCVC,F,letter,lettre,2633,
buʒʒi,CVCCV,F,crowd,foule,2634,
dggʷa,CCCV,F,evening,soir,2635,
agʷma,VCCV,F,brotherhood,fraternité,2636,
aka,VCV,F,household,foyer,2637,
kuʒʒar,CVCCVC,M,without arm,sans bras (personne),2638,
lluz,VCCVC,M,almond,amande,2639,l.luz
llwiz,CCCVC,M,gold pieces,louis d'or,2640,
qbil,CCVC,F,tribe,tribu,2641,
qqsri,CCCCV,M,large deep dish,grans plat creux,2642,
arig,VCVC,F,saddle,selle,2643,
ʁʷijji,CVCCV,F,shout,cri,2644,
ʃddad,CCCVC,M,headband,bandeau,2645,
asra,VCCV,F,henna,henné,2646,
ʃʃmʕ,CCCC,M,candle,bougie,2647,
!ssnnar,CCCCVC,F,hook,hameçon,2648,
ttffaħ,CCCCVC,M,apple,pomme,2649,
wala,CVCV,F,round,tour,2650,
wriq,CCVC,F,paper,feuille,2651,
awʒa,VCCV,F,crowd,foule,2652,
baʁa,CVCV,F,tobacco,tabac,2653,
fijji,CVCCV,F,meat,viande,2654,
gʷlla,CCCV,F,mush,pâte de céréales,2655,
iddi,VCCV,F,sweat,taille,2656,
ajjuga,VCCVCV,F,"pair, couple",paire,2657,
mzgida,CCCVCV,F,mosque,mosquée,2658,
zbibi,CCVCV,F,fruit,fruits laissés sécher dans l'arbre,2659,
jawil,CVCVC,F,"prudence, slowness","prudence, lenteur",2660,
ttrtib,CCCCVC,M,taxes,taxe,2661,
tsmi,CCCV,F,name,nom,2662,
tʃnniqa,CCCCVCV,F,grabbing by the throat,prise à la gorge,2663,
ttajsir,CCVCCVC,F,facility,facilité,2664,t.taj.sir
taksi,CVCCV,F,taxi,taxi,2665,
ttaqqalluq,CCVCCVCCVC,F,anger,"colère, inqiétude",2666,
ttariχ,CCVCVC,M,date,"date, histoire",2667,
ttasiʕ,CCVCVC,M,space,espace,2668,
ttaʒr,CCVCC,M,trader,commerçant,2669,
ttiqqa,CCVCCV,F,confidence,confiance,2670,
wmma,CCCV,F,heifer,génisse,2671,
!uzzum,VCCVC,F,center,"centre, milieu",2672,
,,M,lightning,éclairs,2673,
zznniq,CCCCVC,M,street,rue,2674,
bariq,CVCVC,M,slap,gifle,2675,
ataj,VCVC,M,tea,thé,2676,
ʕisawi,CVCVCV,M,"religious brotherhood, which called Aïssaoua ",membre de la confrérie des Aïssaoua,2677,
zzif,CCVC,M,a scarf,fichu,2678,
zzin,CCVC,M,beauty,beauté,2679,
zzit,CCVC,F,olive oil,huile,2680,
zzitun,CCVCVC,M,olive tree,olivier,2681,
zzman,CCCVC,M,time,"temps, époque",2682,
zzrda,CCCCV,F,Feast,"festin, banquet",2683,
zzrriʕ,CCCCVC,F,grain,graine,2684,
ʒbbani,CCCVCV,F,a bowl,bol,2685,
ʒʒuʕ,CCVC,M,hunger,faim,2686,
lʕam,CCVC,M,two years,???,2687,
ʕmmi,CCCV,M,uncle or aunt paternal,oncle ou tante paternel(le),2688,
χali,CVCV,M,"uncle and aunt, mother's side",oncle ou tante maternel(le),2689,χa.li
!skarraj,CCVCCVC,,buzzer fish,poisson ronfleur,2690,
zllmza,CCCCCV,,croaker,courbine,2691,
bijsni,CVCCCV,,sea ​​bream,daurade royale,2692,
buʃawk,CVCVCC,,seabass,loup bar,2693,
wlaħ,CCVC,,leerfish,liche,2694,
sargal,CVCCVC,,bluefish,tassergal,2695,
zggʷaʁ,CCCVC,,rooster fish,coq,2696,
sliχ,CCVC,,sole,sole,2697,
mrmd,CCCC,,squid,calmar,2698,
ʕli!iʒʒan,CCVVCCVC,,ballista,baliste,2699,
ssgni,CCCCV,,Orphie,Orphée,2700,
knjaw,CCCVC,,variety of seabream,variété de sar,2701,
akba,,,fich marble,le marbré,2702,