recordID,analysisSingularTheme,p_stem_syllabified,p_stem_syllabified_corrected,Notes,lexiconGlossEnglish
775,busskka,bu.ssk.ka,bus.sk.ka,coda better for geminate,snake species (similar to cobra)
1064,mssggar,m.ssg.gar,ms.sg.gar,coda better for geminate,pledge
1194,mllʁtazlaft,m.llʁ.taz.la.ft,ml.lʁ.taz.la.ft,coda better for geminate,freeloader
1380,ammn,a.mmn,am.mn,coda better for geminate,honey
1945,sillf,si.llf,sil.lf,coda better for geminate,"sign, gesture"
2526,lmqqttʕ,lm.qqt.tʕ,l.mq.qt.tʕ,coda better for geminate,miserable person
2691,zllmza,z.llm.za,zl.lm.za,coda better for geminate,croaker
2699,ʕli!iʒʒan,ʕl.iiʒ.ʒan,ʕ.liʒ.ʒan,dropped segment,ballista
150,ssgni,ssg.ni,s.sg.ni,fixed split of init. gem,needle
331,!sskkid,ssk.kid,s.sk.kid,fixed split of init. gem,branch (of a tree)
1121,ssgni,ssg.ni,s.sg.ni,fixed split of init. gem,minute hand
2328,!rrmman,rrm.man,r.rm.man,fixed split of init. gem,pomegranate
2339,!ssbbat,ssb.bat,s.sb.bat,fixed split of init. gem,shoes
2599,nnmra,nnm.ra,n.nm.ra,fixed split of init. gem,number
2600,nnqqʷr,nnq.qr,n.nq.qr,fixed split of init. gem,silver
2613,ssbsi,ssb.si,s.sb.si,fixed split of init. gem,pipe
2618,sskwila,ssk.wi.la,s.sk.wi.la,fixed split of init. gem,school
2700,ssgni,ssg.ni,s.sg.ni,fixed split of init. gem,Orphie
2343,!sskkwar,ssk.k.war,s.sk.kar,"fixed split of init. gem, deleted segment",sugar
1,lmʕzz,lm.ʕz.z,lm.ʕzz,gem=complex coda,affection
55,aʒʒgal,aʒ.ʒ.gal,aʒʒ.gal,gem=complex coda,kind of bag or satchel
419,!muʃʃ,muʃ.ʃ,muʃʃ,gem=complex coda,cat
1309,!mddsr,md.d.sr,mdd.sr,gem=complex coda,"impolite, turbulent person"
1992,ukksa,uk.k.sa,ukk.sa,gem=complex coda,"subtraction, weaning"
2097,!tuzzgt,tu.zz.gt,tuzz.gt,gem=complex coda,"milking, milking action"
2351,!akkʷzin,ak.k.zin,akk.zin,gem=complex coda,afternoon
2429,malass,ma.las.s,ma.lass,gem=complex coda,week
2474,lħaʒʒ,l.ħaʒ.ʒ,l.ħaʒʒ,gem=Complex coda,pilgrim
2520,lmiziria,l.mi.zir.ia,l.mi.zir.ja,i > j in onset,poverty
1841,wlk,,wlk,left empty,pannier bag
2016,wrz,,wrz,left empty,heel
149,ismmji,is.mm.ji,i.smm.ji,onsetless gem,"bitterness, acidity"
63,msijjs,m.si.j.js,m.sij.js,onsetless syllable,tamer
768,!rrgg,rrg.g,rr.gg,onsetless syllable,"erg, broad flat area of desert"
1954,mdwws,m.d.w.ws,m.dw.ws,onsetless syllable,solid thing or person
12,!mʃʃuwra,mʃw.ʃu.ra,mʃ.ʃuw.ra,switched linear order,consultation
14,!mrrujsa,mrj.ru.sa,mr.ruj.sa,switched linear order,"leadership, responsibility of a leader, quality of a leader"
22,!nttujfa,ntj.tu.fa,nt.tuj.fa,switched linear order,???
40,wwurga,wurw.ga,w.wur.ga,Switched linear order,dream
107,ijji,i.jij,ij.ji,switched linear order,act of striking
412,wwullu,wul.luw,w.wu.lu,switched linear order,plow
420,msruj,msj.ru,ms.ruj,switched linear order,"skin abrasion, like a skinned knee"
793,!mrruj,mrj.ru,mr.ruj,switched linear order,spark
966,!rrmuj,rrj.mu,rr.muj,switched linear order,tired
1067,wlal,lalw,w.lal,switched linear order,ganglion
1220,wraʁ,raʁw,w.raʁ,switched linear order,yellow person or thing
1274,wtil,tilw,w.til,switched linear order,hare
1407,frkkuj,frkj.ku,frk.kuj,switched linear order,piece
1412,brzzuj,brzj.zu,brz.zuj,switched linear order,"piece, shard"
1425,hruj,hj.ru,h.ruj,switched linear order,sheep
1483,wwuri,wu.riw,w.wu.ri,switched linear order,occupation
1500,!wsad,sadw,w.sad,switched linear order,pillow
1625,!bijbzdan,bi.bzj.dan,bij.bz.dan,switched linear order,pissing
1628,smummuj,sj.mum.mu,s.mum.muj,switched linear order,complaint
1968,wsaj,sajw,w.saj,switched linear order,kind of turnip
2073,sfiw,sw.fi,s.fiw,switched linear order,torch
2168,ʒiwwi,ʒi.wiw,ʒiw.wi,switched linear order,strong wind
2306,!lʒutij,lj.ʒu.ti,l.ʒu.tij,switched linear order,frippery
2314,!lχtij,lχj.ti,lχ.tij,switched linear order,penalty
2327,!rrij,rj.ri,r.rij,switched linear order,opinion
2356,!rbʕij,rbj.ʕi,rb.ʕij,switched linear order,measure
2365,!ttrbij,tj.tr.bi,t.tr.bij,switched linear order,education
2415,ddriwʃ,d.ri.wʃd,dd.ri.wʃ,switched linear order,gentle or poor person
2477,lhdij,lhj.di,lh.dij,switched linear order,gifts
2596,nnij,nj.ni,n.nij,switched linear order,faith
2603,ʁijjid,ʁi.jidj,ʁij.jid,switched linear order,by night
2622,sslukt,s.lu.kts,ss.lu.kt,switched linear order,ceremony involving verses of Koran
2644,ʁʷijji,ʁi.jij,ʁij.ji,switched linear order,shout
2651,wriq,riqw,w.riq,switched linear order,paper
2654,fijji,fi.jij,fij.ji,switched linear order,meat
2694,wlaħ,laħw,w.laħ,switched linear order,leerfish
2,lʕssa,l.ʕs.sa,,,act of standing on guard or watch
3,!lkdran,l.kd.ran,,,tar
4,lʕum,l.ʕum,,,swimming
5,!drikuk,d.ri.kuk,,,horsefly
6,ajdr,aj.dr,,,stubble
7,gʃrir,gʃ.rir,,,balance (tool)
8,χʷsmar,χs.mar,,,beardless chin
9,lħsab,lħ.sab,,,calculation
10,ktatbi,k.tat.bi,,,activity of a public writer
11,!mʃʃurda,mʃ.ʃur.da,,,participation in the maintenance of the fqih
13,!mħħudra,mħ.ħud.ra,,,quality of a quran learner
15,mssufra,ms.suf.ra,,,journey
16,nffulsa,nf.ful.sa,,,guarding
17,nllumda,nl.lum.da,,,learning
18,nmmuʁra,nm.muʁ.ra,,,notability
19,nqqurfa,nq.qur.fa,,,drought
20,nttulfa,nt.tul.fa,,,bewilderment
21,!ntturfa,nt.tur.fa,,,isolation
23,nzzumma,nz.zum.ma,,,stench
24,ammaj,am.maj,,,To do
25,!dduggla,d.dug.g.la,,,quality of being in a in-law relationship
26,mmussna,m.mus.s.na,,,awareness
27,!mmuttla,m.mut.t.la,,,delay
28,mmuzzla,m.muz.z.la,,,brokerage
29,ʃʃurfa,ʃ.ʃur.fa,,,holiness
30,ʃʃurka,ʃ.ʃur.ka,,,association
31,!dduʒra,d.duʒ.ra,,,neighborhood
32,mmuʁra,m.muʁ.ra,,,notability
33,mmuksa,m.muk.sa,,,problematic situation
34,mmunja,m.mun.ja,,,horse riding
35,mmuzʁa,m.muz.ʁa,,,"Amazighity, freedom"
36,nnubga,n.nub.ga,,,"invitation, visit"
37,rrugza,r.rug.za,,,virility
38,rruksa,r.ruk.sa,,,blend
39,ttulba,t.tul.ba,,,quality of having the duty of a taleb
41,skazzaj,s.kaz.zaj,,,screeching
42,aga,a.ga,,,curse
43,adaw,a.daw,,,back (of animal)
44,guri,gu.ri,,,oversize
45,mafaman,ma.fa.man,,,dowser
46,!agʷrd,a.grd,,,"back, rear"
47,sksl,sk.sl,,,type of window
48,smkl,sm.kl,,,food container
49,mʕʃʃr,m.ʕʃ.ʃr,,,"fellow, companion"
51,ssndu,s.sn.du,,,wooden shaker of a wineskin for churning milk (for butter)
53,mndi,mn.di,,,"grains, cereals"
54,!frziz,fr.ziz,,,gourd
56,kntur,kn.tur,,,goat
58,sbbab,sb.bab,,,person who helps with birth
59,swi,s.wi,,,animal stomach contents
60,!ʃbar,ʃ.bar,,,promontory dominating a locality
61,ussif,us.sif,,,splinter
62,uzlim,uz.lim,,,scissors
64,!ʃbaru,ʃ.ba.ru,,,a kind of plant
65,ħbari,ħ.ba.ri,,,type of horse
66,ndaru,n.da.ru,,,someone who shares a meal
67,adaj,a.daj,,,toponym
68,satm,sa.tm,,,niche
69,miri,mi.ri,,,agricultural terrace
70,!mazuz,ma.zuz,,,grown late in the agricultural year
78,gʷilal,gi.lal,,,kind of horse with long mane (foal)
79,kʷndrris,kn.dr.ris,,,"giblets, salted and dried"
80,lmgzzr,lm.gz.zr,,,slaughterhouse
83,stara,s.ta.ra,,,"chords (music), musical preamble"
84,nrbi,nr.bi,,,given birth
86,msaʁ,m.saʁ,,,purchase
88,msaʁ,m.saʁ,,,buyer
89,slum,s.lum,,,act of swallowing a powder
90,slaj,s.laj,,,act of grilling
91,skkir,sk.kir,,,"act, attitude"
92,!mʕʃur,mʕ.ʃur,,,actor carnival
93,krraf,kr.raf,,,Action to attach
94,ssndu,s.sn.du,,,churning action
95,ukkim,uk.kim,,,beating
96,!ħttu,ħt.tu,,,act of hiding
97,arrag,ar.rag,,,act of breaking
99,biks,bi.ks,,,act of girding
100,addal,ad.dal,,,"act of covering, shawl"
101,guni,gu.ni,,,"act of sleeping, sleep"
102,sggiwr,sg.gi.wr,,,act of sitting
103,sbaqqaj,s.baq.qaj,,,"act of bursting, explosion"
104,ssufʁ,s.su.fʁ,,,act of bringing out 
105,!kttu,kt.tu,,,act of sniffing
106,ʃubbu,ʃub.bu,,,act of searching
108,lkmi,lk.mi,,,act of smoking
109,!mdaj,m.daj,,,act of tasting
110,mʁuri,m.ʁu.ri,,,"act of growing, greatness"
111,draw,d.raw,,,act of eating in community
112,zdaj,z.daj,,,act of putting side by side
113,smal,s.mal,,,act of showing
114,!zid,zid,,,"act of grinding, ground grain"
115,ʃtibbʃ,ʃ.tib.bʃ,,,act of wading
117,attaf,at.taf,,,act of plucking
118,sali,sa.li,,,act of carrying over the shoulder
119,srus,s.rus,,,act of placing
120,sdal,s.dal,,,act of covering
121,mmussu,m.mus.su,,,act of stirring
123,skubbr,s.kub.br,,,act of squatting
124,giwr,gi.wr,,,"act of sitting, sitting position"
125,untla,u.nt.la,,,act of hiding
126,ankra,a.nk.ra,,,act of getting up
127,ikni,ik.ni,,,act of leaning
128,kʷttaj,kt.taj,,,act of remembering
129,ʒgugl,ʒ.gu.gl,,,act of suspending ...
130,!sud,sud,,,"action of blowing (pejorative), anus (by metonymy)"
131,sram,s.ram,,,act of sharpening
132,!duri,du.ri,,,act of falling
133,!mʒikrr,m.ʒik.rr,,,act of dragging
134,awwaj,aw.waj,,,act of carrying
135,nggas,ng.gas,,,act of goring
136,zlam,z.lam,,,act of foreseeing
137,!sgruʒʒm,sg.ruʒ.ʒm,,,unfinished action
138,skkujs,sk.ku.js,,,way of sitting
139,snufl,s.nu.fl,,,panic
140,mχzni,m.χz.ni,,,enforcement officer (mokhazni)
142,lqqaʕ,lq.qaʕ,,,lamb
143,ʕwin,ʕ.win,,,aid
144,awwas,aw.was,,,aid (act of helping someone)
147,gidr,gi.dr,,,"eagle, hawk"
148,smmum,sm.mum,,,sour
151,nzl,n.zl,,,sting
152,mhmaz,mh.maz,,,sting
153,nʁuz,n.ʁuz,,,sting
154,saqqʷs,saq.qs,,,sting
156,fras,f.ras,,,sharpening
159,fr,fr,,,wing
160,fr,fr,,,"leaf, wing"
162,nrar,n.rar,,,area
165,luqqid,luq.qid,,,match
166,!lʕjud,lʕ.jud,,,lark
169,alluz,al.luz,,,almond
170,ħbib,ħ.bib,,,lover
171,hwawi,h.wa.wi,,,lover of music and singing
172,!mirzig,mir.zig,,,bitter (almond)
173,mddakkʷl,md.dak.kl,,,friend
174,iddukkla,id.duk.k.la,,,friendship
175,ajri,aj.ri,,,love
176,ħubban,ħub.ban,,,love (pejorative).
177,lbbiʁ,lb.biʁ,,,bulb (skin irritant)
178,!lhdr,lh.dr,,,"fun, party"
179,rggim,rg.gim,,,"curse, insult"
180,qdim,q.dim,,,old
182,ʁjjul,ʁj.jul,,,donkey
183,!azʁa,az.ʁa,,,angina
184,χlχal,χl.χal,,,ring
185,sggʷas,sg.gas,,,year
186,lbriħ,lb.riħ,,,"announcement of news, shouted"
190,sadmr,sad.mr,,,call
192,mgrud,mg.rud,,,"tamed, domesticated"
193,addaj,ad.daj,,,support
195,dggʷa,dg.ga,,,afternoon
196,aʕrab,aʕ.rab,,,Arabic
197,addag,ad.dag,,,"tree, bush"
198,qarid,qa.rid,,,money
201,lkkum,lk.kum,,,arrival
204,ssʁʷli,s.sʁ.li,,,ascension
205,zwag,z.wag,,,"asylum, exile"
206,snus,s.nus,,,non-adult donkey
208,uʃʃrka,uʃ.ʃr.ka,,,association
209,mʃʃrk,mʃ.ʃrk,,,partner
210,ʃrik,ʃ.rik,,,partner
211,nkruf,nk.ruf,,,"attached, hampered"
213,!nbbarsu,nb.bar.su,,,person suffering from depigmentation of the skin (vitiligo)
214,ziwal,zi.wal,,,person suffering from strabismus
215,sds,s.ds,,,trough
216,!lfttr,l.ft.tr,,,alms given at Eid al-Fitr (Festival of sweets)
219,!ʃʃaħur,ʃ.ʃa.ħur,,,miser
220,!bukad,bu.kad,,,blind person
222,llhf,ll.hf,,,greed
229,draj,d.raj,,,abortion
231,duku,du.ku,,,slipper
233,arras,ar.ras,,,broom
234,alaj,a.laj,,,broom
235,ʒgugl,ʒ.gu.gl,,,"swing, hammock, cradle"
236,arras,ar.ras,,,sweep
238,kur,kur,,,ball
240,ukris,uk.ris,,,bundle
241,ʃddad,ʃd.dad,,,headband
242,gra,g.ra,,,tub
243,amar,a.mar,,,beard
244,!ʃnid,ʃ.nid,,,hinny
245,!brhuʃ,br.huʃ,,,motley
246,!krkad,kr.kad,,,motley
247,ʁrrabu,ʁr.ra.bu,,,small boat
248,!barku,bar.ku,,,barque
249,zddar,zd.dar,,,"low, lower"
250,!barra,bar.ra,,,tail (piece of clothing)
251,!banna,ban.na,,,tail (piece of clothing)
252,frwal,fr.wal,,,tails (piece of clothing)
255,ħlajs,ħ.la.js,,,pack
256,ħħram,ħħ.ram,,,"bastard, scoundrel ..."
257,kuraj,ku.raj,,,stick
258,!χʷbbat,χb.bat,,,bat
261,suff,suf.f,,,"balloon, cavity formed by an intestine"
262,bʒʒaq,bʒ.ʒaq,,,"talkative, snob"
263,lddaj,ld.daj,,,slime
264,mrmur,mr.mur,,,slime
265,falkaj,fal.kaj,,,beautiful
266,rbib,r.bib,,,"son-in-law, daughter-in-law"
267,fulki,ful.ki,,,beauty
268,ʁnzur,ʁn.zur,,,beak
269,!frjad,fr.jad,,,"harelip, cleft lip"
271,qaddim,qad.dim,,,spade
272,!grwaz,gr.waz,,,person who lisps
273,tmtam,tm.tam,,,stutterer
274,tftaf,tf.taf,,,undecided
275,zimmr,zim.mr,,,ram
276,ħuli,ħu.li,,,ram
277,mrdi,mr.di,,,blessed
278,mbarki,m.bar.ki,,,blessed
279,nuhnnu,nu.hn.nu,,,rocking
280,duhdu,duh.du,,,"rocking, quiet"
281,mksa,mk.sa,,,shepherd
282,bidun,bi.dun,,,can
283,bzg,bzg,,,jewel
285,sgdl,sg.dl,,,chopping block
286,umlil,um.lil,,,white
287,mlli,ml.li,,,"whiteness, skin disease"
288,ird,i.rd,,,wheat
289,znbu,zn.bu,,,early wheat
290,magus,ma.gus,,,injured
293,iggs,ig.gs,,,injury
294,aggas,ag.gas,,,injury
295,mraz,m.raz,,,head injury
296,ʃhbun,ʃh.bun,,,blond
297,zgr,z.gr,,,beef
298,funas,fu.nas,,,beef
299,ssrʁu,s.sr.ʁu,,,firewood
300,!bidr,bi.dr,,,limp
301,!bidar,bi.dar,,,lame
303,ama,a.ma,,,edge
304,ir,ir,,,edge
305,mknanu,mk.na.nu,,,hunchback
306,nkkur,nk.kur,,,goat
307,kru,k.ru,,,goat
308,!aʁad,a.ʁad,,,goat
309,bukir,bu.kir,,,goat
310,imi,i.mi,,,mouth
311,gzzar,gz.zar,,,butcher
313,saqqun,saq.qun,,,plug
315,χχummi,χ.χum.mi,,,sulk
318,!bluz,b.luz,,,mud
319,allaʁ,al.laʁ,,,mud
323,flufu,f.lu.fu,,,"bubbling, foaming"
325,ʕbbud,ʕb.bud,,,pellet
326,!bggar,bg.gar,,,"herdsman, cowherd"
327,mugaj,mu.gaj,,,cattle
328,!sħurru,s.ħur.ru,,,braying
332,iʁil,i.ʁil,,,"arm, bent"
333,lgammu,l.gam.mu,,,flange
334,!qttaʕ,qt.taʕ,,,"brigand, bandit"
338,aqqur,aq.qur,,,"noise, tumult"
339,!mħrug,mħ.rug,,,burnt
342,ħrrig,ħr.rig,,,"burning, sharp pain"
343,ʃddir,ʃd.dir,,,"bush, thicket"
344,slħam,sl.ħam,,,burnous
345,χnif,χ.nif,,,burnous
346,χidus,χi.dus,,,burnous
350,!ħdu,ħ.du,,,stash
351,gʒdmmur,gʒ.dm.mur,,,parched cactus
352,!bbindr,b.bin.dr,,,cockroach
353,lkʷnnaʃ,l.kn.naʃ,,,notebook
354,!ħttid,ħt.tid,,,clot
356,ħzzar,ħz.zar,,,cajolery
357,ħsasbi,ħ.sas.bi,,,"calculating, scheming person"
359,ʕkkaz,ʕk.kaz,,,cane
360,qlmun,ql.mun,,,cap
361,asqaqaj,as.qa.qaj,,,cackling
363,qllal,ql.lal,,,"carafe, head (pejorative)."
364,!mʃd,m.ʃd,,,card
365,qrʃal,qr.ʃal,,,card
367,!kid,kid,,,carob tree
369,uzun,u.zun,,,square of cultivated land
370,ʒʒlliʒ,ʒ.ʒl.liʒ,,,tile
371,mazzr,maz.zr,,,cascade
375,mrrag,mr.rag,,,"breaker (e.g., stone breaker)"
378,msnaj,ms.naj,,,horse rider
379,mnaj,m.naj,,,horse rider
380,mkrud,mk.rud,,,what or who is scratched
381,!bukd,bu.kd,,,blindness
384,bikks,bik.ks,,,belt
385,aggʷs,ag.gs,,,belt
386,ʕzri,ʕz.ri,,,single
387,bʃʃar,bʃ.ʃar,,,one who announces ...
388,msgilli,ms.gil.li,,,one who swears
389,mgilli,m.gil.li,,,one who swears
390,mrgul,mr.gul,,,one that locks
391,iʁd,i.ʁd,,,ash
392,uʃʃn,uʃ.ʃn,,,jackal
394,mlħaf,ml.ħaf,,,shawl
396,irʁi,ir.ʁi,,,heat
397,ħanu,ħa.nu,,,room
398,!rʕm,r.ʕm,,,camel
399,rffak,rf.fak,,,chamel driver
400,igr,i.gr,,,field
401,gʷrsl,gr.sl,,,mushroom
402,urar,u.rar,,,"singing, song"
403,marg,ma.rg,,,"singing, poetry"
405,marir,ma.rir,,,singer
406,mtʃi,mt.ʃi,,,weevil
407,akuz,a.kuz,,,weevil
408,awgga,a.wg.ga,,,"load, burden (like carrying wood)"
410,!midrus,mid.rus,,,carrion
411,skrz,s.krz,,,plow
413,gʷmr,g.mr,,,hunting
414,ngʷmr,ng.mr,,,"hunting, fishing"
417,ngʷmar,ng.mar,,,hunter
418,!sjjad,sj.jad,,,"hunter, fisherman"
421,ʁaras,ʁa.ras,,,path
423,gʷmar,g.mar,,,horse (intended for breeding)
424,ajjis,aj.jis,,,horse
425,!kitar,ki.tar,,,horse
426,azzar,az.zar,,,hair
428,ʁʒd,ʁʒd,,,kid (small goat)
429,bʒgi,bʒ.gi,,,"chichi, fuss"
430,ajdi,aj.di,,,dog
431,kzin,k.zin,,,dog
432,!uskaj,us.kaj,,,dog
435,!ʃrwid,ʃr.wid,,,cloth
436,blbbuz,blb.buz,,,puppy
437,ʃlħi,ʃl.ħi,,,speaker of Tashlhiyt
438,ʁawsa,ʁaw.sa,,,thing
439,!rumi,ru.mi,,,Christian
440,sraj,s.raj,,,"fall of feathers, of hair ..."
441,gzzaj,gz.zaj,,,"vaccination scar, scarification"
442,gnna,gn.na,,,sky
443,bllarʒ,bl.la.rʒ,,,stork
444,afa,a.fa,,,"top (of tree, mountain)"
445,!smdl,sm.dl,,,cemetery
447,χʷmasi,χ.ma.si,,,fifth
449,ħʒʒam,ħʒ.ʒam,,,"circumciser, hairdresser"
451,aχsaj,aχ.saj,,,pumpkin
453,!msmar,ms.mar,,,nail
454,ul,ul,,,heart
457,lʕʃr,lʕ.ʃr,,,cohabitation
459,ʁʷmmir,ʁm.mir,,,corner
460,uqqu,uq.qu,,,coitus
463,ttqlliqa,tt.ql.li.qa,,,anger
464,mqllq,mq.llq,,,someone who is choleric or anxious
465,!rmmad,rm.mad,,,colic
466,zlag,z.lag,,,braided wire necklace
467,ldi,l.di,,,plow draw collar
470,ala,a.la,,,hill
471,awrir,aw.rir,,,hill
472,milla,mil.la,,,dove
473,ʃamuʃ,ʃa.muʃ,,,column
475,dχʷs,d.χs,,,colostrum
476,bddu,bd.du,,,beginning
478,mawal,ma.wal,,,"commentary, dictionary"
479,smmun,sm.mun,,,companion
480,smun,s.mun,,,companion
481,lfham,lf.ham,,,comprehension
483,lħsab,lħ.sab,,,"account, calculation"
486,mglaj,mg.laj,,,conductor of beasts
489,glaj,g.laj,,,conduct
490,baraz,ba.raz,,,showdown
491,siʁaʁ,si.ʁaʁ,,,conger (fish)
492,awsna,a.ws.na,,,knowledge
494,lbni,lb.ni,,,construction
496,!mʃiwr,m.ʃi.wr,,,"consultation, negotiation"
497,uraw,u.raw,,,contents of two clasped hands
498,slajmi,s.laj.mi,,,converted to Islam
499,mdraw,md.raw,,,guest
501,sram,s.ram,,,shavings
503,fullus,ful.lus,,,chicken / rooster
504,gajwar,gaj.war,,,raven
505,zikr,zi.kr,,,rope
506,dinan,di.nan,,,chord (music)
507,!gttus,gt.tus,,,thick rope
509,isk,i.sk,,,horn
510,ʁzdis,ʁz.dis,,,rib
511,sawn,sa.wn,,,coast
512,!mggrd,mg.grd,,,"neck, neck"
516,awrʁi,a.wr.ʁi,,,yellow
517,ʁgʷmmi,ʁ.gm.mi,,,corridor
518,dasil,da.sil,,,kick
521,abbaj,ab.baj,,,cut
522,sarag,sa.rag,,,"courtyard, patio"
525,azzla,az.z.la,,,action of running
527,iʁira,i.ʁi.ra,,,action of running
528,gzzajlu,gz.zaj.lu,,,"person who is short, small"
529,dllal,dl.lal,,,broker
530,!smsar,sm.sar,,,broker
531,sksu,sk.su,,,couscoussier
532,ajjaw,aj.jaw,,,"Grandson or granddaughter (by extension cousin, nephew)"
533,gni,g.ni,,,sewing
535,sdl,s.dl,,,lid
536,srgul,sr.gul,,,lid
537,!frsad,fr.sad,,,blanket
538,ʕban,ʕ.ban,,,blanket
539,faggu,fag.gu,,,blanket
540,aduli,a.du.li,,,"cover, ceiling"
543,mdlls,md.lls,,,twilight
544,qaʃʃa,qaʃ.ʃa,,,crest
545,ʁuzi,ʁu.zi,,,excavation
547,ʁʷjji,ʁj.ji,,,cry
548,!butztaz,bu.tz.taz,,,one who cries disagreeably
549,fif,fif,,,screening (sifting and sorting)
552,brraħ,br.raħ,,,"town crier, Bellman"
553,!nzad,n.zad,,,horsehair
554,ftas,f.tas,,,creek
556,agl,a.gl,,,fang
557,kʷlib,k.lib,,,wooden hook
559,furi,fu.ri,,,crust (due to a disease of the skin)
560,mumn,mu.mn,,,believer
561,buqqal,buq.qal,,,"pitcher, jug"
562,qnqum,qn.qum,,,bronze jug
565,nwal,n.wal,,,kitchen
566,nwi,n.wi,,,"baking, cooking"
567,!gruʒʒm,g.ruʒ.ʒm,,,Incomplete cooking incompleteness
568,anas,a.nas,,,copper (copper vessel)
569,χʷna,χ.na,,,"ass, rump"
570,!sud,sud,,,"ass, rump"
571,gnunni,g.nun.ni,,,somersault
574,fllaħ,fl.laħ,,,cultivator
575,ħwajʃ,ħ.wa.jʃ,,,group dance
578,!ʒndid,ʒn.did,,,stinger
579,!ʒnʒid,ʒn.ʒid,,,stinger
581,sbbaqqs,sb.baq.qs,,,stinger (insect)
583,nggu,ng.gu,,,of same age masc.
584,nfsad,nf.sad,,,debauched person
586,ʃrrig,ʃr.rig,,,tear
588,frak,f.rak,,,"discovery, enlightenment (intellectual), divination"
591,ʁuʒbu,ʁuʒ.bu,,,disgust
593,mkli,mk.li,,,breakfast
594,nwwaʃ,nw.waʃ,,,informer
595,rwwaj,rw.waj,,,padding
596,bʒwaj,bʒ.waj,,,delirium
599,fukku,fuk.ku,,,"release of someone, liberation"
605,zgn,z.gn,,,half
607,χllu,χl.lu,,,demolition
608,aχʷs,a.χs,,,tooth
613,zuzzr,zuz.zr,,,threshing of wheat
614,rrwa,rr.wa,,,threshing ...
616,ʁuni,ʁu.ni,,,spite
617,sitti,sit.ti,,,displacement
618,!bdan,b.dan,,,skin of animal
619,!gʷʒdad,gʒ.dad,,,"animal without tail, can be used figuratively to humans"
620,nakuf,na.kuf,,,uprooted plant or herb
621,ukuf,u.kuf,,,"rootlessness, detachment"
623,mggaru,mg.ga.ru,,,last
626,uguz,u.guz,,,descent
629,mnid,m.nid,,,before (lit. what is seen)
630,mzizal,m.zi.zal,,,front of face
631,!drig,d.rig,,,diarrhea
632,uggug,ug.gug,,,dam
633,bibi,bi.bi,,,turkey
634,mnsi,mn.si,,,dinner
638,nʁubu,n.ʁu.bu,,,disappearance
640,!azi,a.zi,,,"dispute, reprimand"
641,ʕʃari,ʕ.ʃa.ri,,,tenth
642,ʒllabi,ʒl.la.bi,,,jilbab
643,!dad,dad,,,finger
644,ikki,ik.ki,,,donation
650,!ʁrud,ʁ.rud,,,back
651,ttwilta,tt.wil.ta,,,dose of hashish wrapped in paper
652,!mħħad,mħ.ħad,,,sharp pain
653,!attan,at.tan,,,"pain, hurt, illness"
654,!ngaz,n.gaz,,,stomach pains
655,bldi,bl.di,,,country
656,klulu,k.lu.lu,,,glare
657,mrmd,mr.md,,,snorting
658,ʁatir,ʁa.tir,,,stilts (pejorative)
659,aʁlaʁal,aʁ.la.ʁal,,,echo
664,msluχ,ms.luχ,,,flayed
665,sraj,s.raj,,,scratch
666,ngi,n.gi,,,"flow, flood"
667,ssfld,ss.fld,,,listening
668,sħssu,sħs.su,,,listening
670,!bbaʒ,b.baʒ,,,crushing
671,lqaʒ,l.qaʒ,,,crushing
675,arra,ar.ra,,,written
678,!brbur,br.bur,,,scum
680,luffi,luf.fi,,,"froth, foam"
681,!anzid,an.zid,,,squirrel
682,frmaʃ,fr.maʃ,,,toothless (person)
683,!sfud,s.fud,,,erasure
685,akrraj,a.kr.raj,,,effort
686,iʁrsi,i.ʁr.si,,,sticking
688,udum,u.dum,,,"drip, drop fruit"
690,brraj,br.raj,,,scratch
691,lksib,lk.sib,,,breeding herd
692,!mħdar,mħ.dar,,,student
694,kssab,ks.sab,,,farmer
695,uggug,ug.gug,,,distance
696,aʒʒaj,aʒ.ʒaj,,,"slightly overweight, healthy"
697,mdaj,m.daj,,,"ambush, lookout"
698,fruri,f.ru.ri,,,crumbling
701,uttla,ut.t.la,,,swaddling
704,!zbar,z.bar,,,pruning
706,!zbbar,zb.bar,,,pruner
707,lkkawsu,lk.kaw.su,,,"lopper, pruner"
708,gʷnfrru,gn.fr.ru,,,blunting
709,ardaz,ar.daz,,,span
710,rqqas,rq.qas,,,emissary
711,!nazum,na.zum,,,"age of fasting, pubescent"
713,almbχχr,a.lm.bχ.χr,,,censer
715,grur,g.rur,,,enclosure
716,frag,f.rag,,,"enclosure, fence, fencing"
717,frig,f.rig,,,"paddock fence, hedge"
718,!gʷmmad,gm.mad,,,place in front
720,rbi,r.bi,,,child
721,azzan,az.zan,,,child
722,gsus,g.sus,,,hell
723,rwass,r.was.s,,,hell
724,snaj,s.naj,,,threading
726,bzzag,bz.zag,,,swelling
728,fna,f.na,,,someone or something that causes a loss
729,nnuʁʃf,n.nuʁ.ʃf,,,boredom
730,nnurʃif,n.nur.ʃif,,,"bored, restless person, someone with breathing difficulty"
731,agrwaz,a.gr.waz,,,hoarseness
732,agurzu,a.gur.zu,,,"hoarseness, an speech defect"
734,fggig,fg.gig,,,beam (for a loom)
738,nifif,ni.fif,,,funnel
739,mlhuf,ml.huf,,,greedy
740,!mmulz,m.mu.lz,,,sprain
741,nkʃum,nk.ʃum,,,entrance
742,kʃʃum,kʃ.ʃum,,,input (action)
748,!tmmaʕ,tm.maʕ,,,envious
749,!sifd,si.fd,,,"sending, mail"
751,!udnaj,ud.naj,,,"thick, fat (person or animal)"
752,zuraj,zu.raj,,,"thick, heavy (person or thing)"
753,zuri,zu.ri,,,thickness
755,iʁir,i.ʁir,,,shoulder
757,zlf,zlf,,,tassel (like for corn)
758,zlaf,z.laf,,,bowl
759,!ʕttar,ʕt.tar,,,"grocer, herbalist, spice seller, among other things"
760,snnan,sn.nan,,,spine
761,!zzlum,zz.lum,,,peeling
763,!krrad,kr.rad,,,peel
765,zmz,zmz,,,"time, mood"
766,zraw,z.raw,,,delousing
772,ʁʷlil,ʁ.lil,,,snail
773,smg,smg,,,slave
774,ʁʷndaf,ʁn.daf,,,"swindler, hustler"
776,ssufʁ,s.su.fʁ,,,swarm out of the hive
778,isi,i.si,,,platform
780,!nʕdub,nʕ.dub,,,crippled (person or animal)
782,fsar,f.sar,,,display
784,mda,m.da,,,pond
785,igzuli,ig.zu.li,,,to be short
786,msad,m.sad,,,state in which something is sharpened
787,lluqʒu,l.luq.ʒu,,,state which is dented
788,slaw,s.law,,,state which faded
789,gusmu,gus.mu,,,state of someone who is sated
790,urddm,u.rd.dm,,,state of a ceiling that leaks
794,!brajʃ,b.ra.jʃ,,,woolen cloth
795,itri,it.ri,,,star
797,ddhaʃ,dd.haʃ,,,astonishment
798,ʁufi,ʁu.fi,,,suffocation
933,sufʁ,su.fʁ,,,"exclusion, budding"
934,mzwug,mz.wug,,,exile
936,χsaj,χ.saj,,,extinction
937,mʕgaz,mʕ.gaz,,,lazy (person)
948,snuntf,s.nun.tf,,,"hurt, injury"
958,addad,ad.dad,,,pressing
959,!nggad,ng.gad,,,soaking
960,mslaw,ms.law,,,withered
961,zʕajti,z.ʕaj.ti,,,braggart
962,ʁzu,ʁ.zu,,,fantasy
963,!ʒʒakrar,ʒ.ʒak.rar,,,burden
964,ggʷrn,g.grn,,,flour
965,summr,sum.mr,,,"relaxation, sunshine"
968,nmgar,nm.gar,,,reaper (agriculture)
969,mgr,m.gr,,,sickle
970,smmawd,sm.ma.wd,,,sickle
971,nfluk,nf.luk,,,felucca
972,mʁar,m.ʁar,,,woman
973,maziʁ,ma.ziʁ,,,"Amazigh woman, Amazigh language"
974,!lfrm,l.frm,,,"slot, gap"
975,sttiʁ,st.tiʁ,,,"crack, crack"
978,uqqna,uq.q.na,,,closure
979,urgla,u.rg.la,,,"closing, latching"
980,qʒʒuħ,qʒ.ʒuħ,,,scrap
982,ħʃtaw,ħʃ.taw,,,wisp
983,!frad,f.rad,,,foliage
984,fraw,f.raw,,,sheet
985,!brwag,br.wag,,,turnip greens
987,baw,baw,,,bean
988,sli,s.li,,,fiancé
989,!zrzi,zr.zi,,,fibula
992,qurri,qur.ri,,,fig
993,kkʷrmis,k.kr.mis,,,green fig
994,buzzig,buz.zig,,,green fig
995,azar,a.zar,,,fig tree
997,knari,k.na.ri,,,"prickly pear, cactus fruit"
998,fili,fi.li,,,thread
999,ilmi,il.mi,,,result of spinning of wool
1002,staj,s.taj,,,"filter, strainer"
1003,usdid,us.did,,,"thin, skinny"
1004,igira,i.gi.ra,,,"end, lately"
1008,ʒʒig,ʒ.ʒig,,,flower
1010,asif,a.sif,,,river
1011,sdasi,s.da.si,,,flute with six holes
1012,asa,a.sa,,,liver
1013,χχlu,χχ.lu,,,madness
1014,nufl,nu.fl,,,madness
1015,alim,a.lim,,,straw
1017,fssaj,fs.saj,,,"cast, melting ..."
1018,agan,a.gan,,,forest
1019,!anud,a.nud,,,forge
1020,mzil,m.zil,,,black-smith
1021,!gʷdi,g.di,,,ditch
1022,mχlaw,mχ.law,,,crazy
1023,nafal,na.fal,,,crazy
1024,zfl,z.fl,,,whip
1026,frran,fr.ran,,,oven
1027,farnu,far.nu,,,oven
1028,azr,a.zr,,,fork
1029,ʁruʃ,ʁ.ruʃ,,,fork
1030,ʃawʃ,ʃa.wʃ,,,"fork, slingshot, branching part of a tree, farmer tool for straw with two pins"
1031,bawʃ,ba.wʃ,,,fork
1032,!udfi,ud.fi,,,ant
1033,ʒwaj,ʒ.waj,,,scabbard
1034,!irzi,ir.zi,,,fracture
1035,mrzu,mr.zu,,,broken
1036,zuzwu,zuz.wu,,,freshness
1037,wnza,wn.za,,,fringe
1038,!zag,zag,,,fringe
1041,gamrru,ga.mr.ru,,,hornet
1043,kʷrram,kr.ram,,,cold
1044,smmid,sm.mid,,,cold
1046,ildi,il.di,,,sling
1047,ignzi,i.gn.zi,,,front
1048,ammas,am.mas,,,"act of forming flour into meal (semoule, couscous)"
1049,ħukku,ħuk.ku,,,friction or rubbing
1053,blʁuʃ,bl.ʁuʃ,,,green fruit of the carob
1054,rula,ru.la,,,escape
1056,kmmaj,km.maj,,,smoker
1057,mkajfi,m.kaj.fi,,,smoker of kif
1058,sbajsi,s.baj.si,,,pipe smoker (kif)
1059,mazir,ma.zir,,,manure
1060,!izdi,iz.di,,,spindle
1061,!mʃttr,m.ʃt.tr,,,smart
1062,mrwl,mr.wl,,,fugitive
1063,skarkaz,s.kar.kaz,,,gaffe
1065,!gʷris,g.ris,,,pancake
1066,uʁrif,uʁ.rif,,,galette
1068,fruχ,f.ruχ,,,boy/girl
1069,ʕjjal,ʕj.jal,,,boy
1070,!idaf,i.daf,,,"custody, supervision"
1071,ʕssas,ʕs.sas,,,guardian
1072,ndaf,n.daf,,,guardian
1073,!adaf,a.daf,,,guard duty
1074,mazzal,maz.zal,,,"keeper, broker"
1076,!zwaj,z.waj,,,"shaking down (e.g., separating grain from straw)"
1078,!mzwaj,mz.waj,,,"person who separates grain from straw; tree shaker for fruit (e.g., olives)"
1079,!znkʷd,zn.kd,,,gazelle
1080,afar,a.far,,,turf
1082,dggʷal,dg.gal,,,"in-law relation (e.g., son-in-law, mother-in-law)"
1083,nnukmu,n.nuk.mu,,,"discomfort, hustle, rush"
1084,fud,fud,,,knee
1085,madaʁ,ma.daʁ,,,"pile of sheaves of wheat after harvest (or other grain, e.g., corn)"
1086,ffursl,f.fur.sl,,,"chapped skin on humans, due to cold"
1088,hakur,ha.kur,,,gizzard
1089,!dmmil,dm.mil,,,slap
1091,mrriq,mr.riq,,,slap
1092,!tbbil,tb.bil,,,slap
1096,kʷba,k.ba,,,lap (waist to knees)
1097,gri,g.ri,,,gleaning
1099,mgru,mg.ru,,,gleaner
1100,mgri,mg.ri,,,gleaner
1101,lʁʷrraf,l.ʁr.raf,,,cup
1103,!fizza,fiz.za,,,"chewing gum, resin which chews"
1104,aqqaj,aq.qaj,,,throat
1105,gʷmim,g.mim,,,mouthful
1106,ugmim,ug.mim,,,mouthful
1108,gllus,gl.lus,,,cudgel
1110,mqqi,mq.qi,,,drop
1111,saddam,sad.dam,,,gutter
1112,!zni,z.ni,,,grain
1113,aqqa,aq.qa,,,"grain, pearl"
1116,adunt,a.du.nt,,,fat
1117,sddul,sd.dul,,,large cover
1118,hrrandu,hr.ran.du,,,"big guy, like a giant (can be pejorative)"
1119,duħan,du.ħan,,,large mill
1120,ʃnbi,ʃn.bi,,,big hole
1122,iχibi,i.χi.bi,,,pitcherful
1123,ʁruʃ,ʁ.ruʃ,,,large fork
1125,brgmmi,br.gm.mi,,,big house
1126,fala,fa.la,,,large flat shovel ...
1127,aʁrar,aʁ.rar,,,large number
1128,iʁzi,iʁ.zi,,,"size, length"
1129,kʷmmaz,km.maz,,,scratching
1130,gadir,ga.dir,,,fortified granary
1131,gru,g.ru,,,frog
1136,!kizzi,kiz.zi,,,grinding
1139,kajja,kaj.ja,,,"thrush, black boy (type of bird)"
1140,aka,a.ka,,,large lizard
1141,!dnaj,d.naj,,,"large, thick"
1142,!ʃfri,ʃf.ri,,,big thorn
1145,bbankik,b.ban.kik,,,boulder
1146,frsi,fr.si,,,big board
1147,fri,f.ri,,,cave
1148,!kabar,ka.bar,,,"group, convoy"
1150,saka,sa.ka,,,ford
1151,mdaj,m.daj,,,ambush
1153,χmum,χ.mum,,,mouth
1154,gamum,ga.mum,,,mouth
1156,qʃʃab,qʃ.ʃab,,,long habit
1157,mzdaʁ,mz.daʁ,,,inhabitant
1158,uzdʁ,uz.dʁ,,,home
1160,mlsi,ml.si,,,clothes
1161,amjur,am.jur,,,habit
1162,nmjur,nm.jur,,,used to
1163,ʃaqqur,ʃaq.qur,,,ax
1164,ħajk,ħa.jk,,,haik
1166,!dwwar,dw.war,,,hamlet
1167,!akʷd,a.kd,,,hook
1168,glgiz,gl.giz,,,cockchafer beetle
1169,!ħurri,ħur.ri,,,person who is free or pure
1170,attaj,at.taj,,,"height, elevation"
1171,zri,z.ri,,,mugwort
1172,saʁur,sa.ʁur,,,dry grass
1173,bumħmd,bum.ħmd,,,hedgehog
1174,ajasi,a.ja.si,,,legacy
1176,mkkasu,mk.ka.su,,,heir
1177,mkkisi,mk.ki.si,,,heir
1178,agrs,a.grs,,,winter
1179,aruʃ,a.ruʃ,,,lobster
1180,rgaz,r.gaz,,,man
1181,!sddaħmar,sd.daħ.mar,,,black man (pejorative)
1182,hrmma,hrm.ma,,,man dressed in sheepskin (rite)
1183,bijlmawn,bi.jl.ma.wn,,,man dressed in sheepskin (rite)
1184,maziʁ,ma.ziʁ,,,"free, Berber"
1185,!ħuttu,ħut.tu,,,hiccup
1188,madir,ma.dir,,,hoe
1190,ħʃuʃ,ħ.ʃuʃ,,,hut
1191,fis,fis,,,hyena
1192,mdhuʃ,md.huʃ,,,impressionable person
1193,!ʃrad,ʃ.rad,,,incision on a body
1196,kuʃam,ku.ʃam,,,handicapped person who cannot walk
1197,kuʃm,ku.ʃm,,,"disability, paralysis"
1198,nkkar,nk.kar,,,ungrateful person
1199,!lutar,lu.tar,,,stringed musical instrument
1201,!skkrd,sk.krd,,,"instrument to scrape, scraper"
1202,idrusi,id.ru.si,,,"failure, scarcity"
1204,!ʃʃtar,ʃʃ.tar,,,"intelligence, cunning"
1206,gʷns,gns,,,inside
1207,liwi,li.wi,,,intestine
1208,rzzif,rz.zif,,,"invitation, visit"
1209,sswi,ss.wi,,,irrigation
1210,lislam,lis.lam,,,Islam
1212,skajri,s.kaj.ri,,,drunkard
1213,ħgru,ħg.ru,,,crop
1214,ssiki,s.si.ki,,,fallow
1217,lħasada,l.ħa.sa.da,,,jealousy
1218,ħssad,ħs.sad,,,jealous person
1219,mħsad,mħ.sad,,,"jealous, envious person"
1222,sawraʁ,saw.raʁ,,,jaundice
1225,abbaj,ab.baj,,,card game with stakes
1226,qʷmmar,qm.mar,,,gambler
1228,rrʃuq,rr.ʃuq,,,"joy, enthusiasm, joy"
1229,guzz,guz.z,,,cheek
1230,mʒarraj,m.ʒar.raj,,,imitating a child's toy car
1231,zzaglu,z.zag.lu,,,yoke
1232,ass,as.s,,,day
1233,mkiri,m.ki.ri,,,day laborer
1234,nfruħ,nf.ruħ,,,merry person
1235,udaj,u.daj,,,Jew
1238,ajrza,a.jr.za,,,plowing
1240,mkraz,mk.raz,,,plowman
1241,mχʃun,mχ.ʃun,,,ugly person
1242,lχʷʃant,lχ.ʃa.nt,,,ugliness
1243,kʷfaj,k.faj,,,milk
1244,adʁar,ad.ʁar,,,"shred of cloth or tissue, flap"
1245,mummuj,mum.muj,,,lamentation
1248,satl,sa.tl,,,"diaper, strip of cloth"
1249,ils,i.ls,,,tongue
1250,qʷlil,q.lil,,,rabbit
1251,urru,ur.ru,,,"width, thickness, diameter"
1252,!mtta,mt.ta,,,tear
1253,!awdid,aw.did,,,locust larvae
1254,!hrussu,h.rus.su,,,"lassitude, weakness"
1255,lili,li.li,,,oleander
1256,rid,rid,,,washing
1257,mggʷa,mg.ga,,,washer
1258,sggʷrd,sg.grd,,,wash
1259,uluʁ,u.luʁ,,,licking
1261,ʁri,ʁ.ri,,,"reading, studies"
1262,fssi,fs.si,,,lightness
1263,ugu,u.gu,,,"laundry, washing"
1264,bra,b.ra,,,letter
1265,nʃr,n.ʃr,,,lip
1266,anfur,an.fur,,,lower lip
1268,qʒdr,qʒ.dr,,,lizard
1269,assas,as.sas,,,link
1270,skrf,s.krf,,,"link, hobble for horse or other livestock"
1272,srir,s.rir,,,meeting place
1273,sajs,sa.js,,,meeting place
1275,izm,i.zm,,,lion
1276,grzam,gr.zam,,,lion
1278,ħlallaj,ħ.lal.laj,,,"smooth and rounded thing (e.g., a stone shaped by water)"
1279,lkri,lk.ri,,,"lease, rent"
1280,ʁzzajfu,ʁz.zaj.fu,,,"long, tall, tall person"
1281,brdi,br.di,,,rag
1282,ʃlliq,ʃl.liq,,,rag
1283,hdduz,hd.duz,,,rag
1284,ʁʷnʒa,ʁn.ʒa,,,ladle
1285,sagʷm,sa.gm,,,scoop
1286,srks,sr.ks,,,ladle to mix
1288,ziwl,zi.wl,,,cross-eyed
1290,krraj,kr.raj,,,"landlord, tenant"
1291,!azdaj,az.daj,,,heaviness
1292,zal,zal,,,daylight
1293,ufaw,u.faw,,,light
1294,ifaw,i.faw,,,"light, clarity"
1295,mhddr,m.hd.dr,,,"luron, energetic person, joker"
1296,amaʁ,a.maʁ,,,fight
1297,miʁ,miʁ,,,"fight, fight action"
1300,agʒa,ag.ʒa,,,jaw
1301,bnnaj,bn.naj,,,mason
1303,ndʕuf,nd.ʕuf,,,lean person or animal
1304,sddi,sd.di,,,"leanness, thinness"
1305,msdadu,ms.da.du,,,skinny person or animal
1306,fus,fus,,,hand
1307,!kʷrʃʃid,krʃ.ʃid,,,hand (pejorative)
1308,gmmi,gm.mi,,,home
1311,!madun,ma.dun,,,sick person (patient)
1313,imssi,i.ms.si,,,disease (affects chickens)
1314,waʃʃ,waʃ.ʃ,,,"unlucky person, someone who attracts problems"
1315,awtm,aw.tm,,,male
1317,!ddakku,d.dak.ku,,,handlebar plow
1319,kbur,k.bur,,,how to arrange the haïk on the head
1320,ssudu,s.su.du,,,how to ride (a horse)
1321,skʷti,sk.ti,,,crank
1322,dalli,dal.li,,,low self esteem
1324,glagal,g.la.gal,,,marsh
1325,wada,wa.da,,,walking
1326,skʷfl,sk.fl,,,stair
1330,mzigz,m.zi.gz,,,walker
1331,mʁra,mʁ.ra,,,marriage
1332,bħri,bħ.ri,,,"marine, sailor"
1333,kin,kin,,,cooking pot
1334,gdur,g.dur,,,cooking pot
1337,kssal,ks.sal,,,masseur
1338,!gzaz,g.zaz,,,chewing
1340,mhruʃ,mh.ruʃ,,,bad person
1341,!gzzaz,gz.zaz,,,stomach ache
1342,!dbib,d.bib,,,doctor
1343,safar,sa.far,,,drug
1345,bʒaw,b.ʒaw,,,mehari (dromedary camel)
1347,mrwaj,mr.waj,,,"mixture, mess"
1348,rkkis,rk.kis,,,liquid mixture
1349,rkuku,r.ku.ku,,,liquid mixture of flour
1350,rggʷaj,rg.gaj,,,"mixing, disorder"
1355,frdi,fr.di,,,"member of a pair of things (e.g., shoes, socks)"
1356,ħssu,ħs.su,,,"memory, learning"
1357,mnqqr,mnq.qr,,,beggar
1363,!nʒʒar,nʒ.ʒar,,,carpenter
1364,!lħggʷar,l.ħg.gar,,,contempt
1367,mkraj,mk.raj,,,mercenary
1368,sqqul,sq.qul,,,measurement (= arm)
1369,!ftri,ft.ri,,,grain measure
1370,!ʕbbar,ʕb.bar,,,"measuring, measuring vessel, weighing or measuring person"
1373,stta,st.ta,,,loom
1374,ajssa,a.js.sa,,,shepherding
1376,ħzgan,ħz.gan,,,mestizo
1377,ijja,ij.ja,,,meter (poetry)
1379,ilqqi,i.lq.qi,,,bread crumb
1381,swwan,sw.wan,,,kite
1382,!ifd,i.fd,,,thousand
1383,!drrab,dr.rab,,,minor
1384,zbabaj,z.ba.baj,,,"tiny, thin thing"
1385,mmara,m.ma.ra,,,"misery, suffering, toiling"
1386,mtʃi,mt.ʃi,,,"moth, moth"
1387,!zikki,zik.ki,,,sparrow
1388,ajjur,aj.jur,,,month
1389,nʁmal,nʁ.mal,,,"mold, fungus"
1391,mgra,mg.ra,,,harvest
1392,uluʁ,u.luʁ,,,softness
1394,ħʃmi,ħʃ.mi,,,"kid, child"
1395,murran,mur.ran,,,monster (extremely strong person)
1396,gri,g.ri,,,assembly (loom)
1397,budrar,bud.rar,,,mountaineer
1398,drar,d.rar,,,mountain
1399,ʁlaj,ʁ.laj,,,rise
1403,baduz,ba.duz,,,mound
1405,!ttnz,t.tnz,,,mockery
1406,!tnnaz,tn.naz,,,mocker
1408,!qdiʕ,q.diʕ,,,piece
1409,!kʃʃud,kʃ.ʃud,,,piece of wood
1410,ubbiʃ,ub.biʃ,,,piece of bread
1411,gzzum,gz.zum,,,"piece, tearing action"
1413,frdu,fr.du,,,mortar (container)
1414,χʷlil,χ.lil,,,glanders (disease)
1415,qʷbajs,q.ba.js,,,sod
1416,!uttub,ut.tub,,,clod
1417,lggʷaʁ,lg.gaʁ,,,soft thing
1418,izi,i.zi,,,fly
1420,udad,u.dad,,,mouflon (wild sheep)
1421,will,wil.l,,,mussels
1422,gri,g.ri,,,mussels
1423,zrg,zrg,,,"quern, hand mill"
1424,wabiba,wa.bi.ba,,,mosquito
1427,gnaw,g.naw,,,mute
1429,srdun,sr.dun,,,mule
1430,buri,bu.ri,,,mullet (fish)
1431,ugu,u.gu,,,"multitude, abundance"
1432,ʁʷrab,ʁ.rab,,,wall
1433,qmmu,qm.mu,,,snout
1434,gnfur,gn.fur,,,snout
1435,skʷms,s.kms,,,"haversack, bag for bullets"
1436,muslm,mu.slm,,,Muslim
1438,ʕwwam,ʕw.wam,,,swimmer
1439,alali,a.la.li,,,birth
1441,χnχam,χn.χam,,,nasal (someone who speaks with a nasal sound)
1443,grtil,gr.til,,,mat
1444,mmuktu,m.muk.tu,,,nausea
1446,rkkim,rk.kim,,,turnip
1447,anaw,a.naw,,,ship
1448,suqqi,suq.qi,,,slave
1449,wajja,waj.ja,,,slave
1451,dfl,d.fl,,,snow
1453,χittus,χit.tus,,,simpleton
1454,sddi,sd.di,,,nest
1456,ajrris,a.jr.ris,,,node
1457,mukris,muk.ris,,,"node, problem, boredom (fig)"
1458,sggan,sg.gan,,,black thing
1459,dili,di.li,,,black
1460,sguni,s.gu.ni,,,darkness
1461,!dlu,d.lu,,,"blackness, darkening"
1462,sm,sm,,,name
1463,mntag,mn.tag,,,person who comes from Imntagn region
1464,!rħħal,rħ.ħal,,,nomad
1465,!abud,a.bud,,,belly button
1466,bahlal,bah.lal,,,nonchalant
1467,nmʁur,nm.ʁur,,,notable
1468,mʁur,m.ʁur,,,notable person
1469,mʁar,m.ʁar,,,"notable, the village chief"
1471,wmmis,wm.mis,,,"nouet, amulet"
1472,unkir,un.kir,,,"infant, sapling"
1473,mtʃu,mt.ʃu,,,food
1474,mzdi,mz.di,,,"guest, an invited person"
1475,ʁʷrmi,ʁr.mi,,,core
1476,mdlu,md.lu,,,cloud
1477,!id,id,,,night
1478,!ħttuz,ħt.tuz,,,obese person
1479,!tbbuz,tb.buz,,,obese person
1480,!ħtabbaz,ħ.tab.baz,,,obese person
1481,afaw,a.faw,,,luminous object
1484,mrsal,mr.sal,,,red ocher
1485,!adu,a.du,,,odor
1486,!it,it,,,eye
1487,glaj,g.laj,,,egg
1488,!ʁʷzn,ʁ.zn,,,ogre
1491,mʁuz,m.ʁuz,,,scavenger bird
1492,fraraj,f.ra.raj,,,chick
1493,sajlal,saj.lal,,,chick
1494,sklu,sk.lu,,,shadow
1495,malu,ma.lu,,,shadow
1496,zzʁʷr,zz.ʁr,,,unction
1497,iskr,is.kr,,,"nail, fingernail"
1498,urʁ,u.rʁ,,,gold (by metonymy)
1499,mzzuʁ,mz.zuʁ,,,ear
1501,sjjaʁ,sj.jaʁ,,,goldsmith
1502,!ild,i.ld,,,stye
1503,lkibr,l.ki.br,,,pride
1504,nkkabru,nk.kab.ru,,,proud person (negative connotation)
1505,ħiħi,ħi.ħi,,,Haha native (region of Morocco)
1506,!lasl,la.sl,,,origin
1507,gigil,gi.gil,,,orphan
1508,fdni,fd.ni,,,toe
1509,fnzi,fn.zi,,,"toe, hoof"
1510,χs,χs,,,bone
1511,!zzmaj,zz.maj,,,"wicker, cane, plants with flexible stems"
1513,gʷʒʒim,gʒ.ʒim,,,ouran (peacock monitor lizard)
1515,allam,al.lam,,,"hem, hemming"
1516,mħukku,m.ħuk.ku,,,tool to rub the skin
1517,gʃʃul,gʃ.ʃul,,,sack made from the skin of an animal
1518,ajddid,a.jd.did,,,"water sack, made from animal skin"
1519,!rzzum,rz.zum,,,opening
1520,mʃʁul,mʃ.ʁul,,,worker
1522,ʁrum,ʁ.rum,,,bread
1523,azgmmu,az.gm.mu,,,bread (grains pounding Argan)
1527,anʁa,an.ʁa,,,palate (mouth)
1528,gʒʒuf,gʒ.ʒuf,,,date palm
1529,billu,bil.lu,,,"part of a dress than hangs down, bang"
1530,sgrs,s.grs,,,shopping cart
1531,arjal,ar.jal,,,shopping cart
1532,azgaw,az.gaw,,,shopping cart
1534,bddiz,bd.diz,,,"rumen, first stomach of a ruminant"
1535,!frtuttu,fr.tut.tu,,,butterfly
1536,uʒʒu,uʒ.ʒu,,,perfume
1540,wal,wal,,,"speech, language"
1541,!itti,it.ti,,,sharing
1545,χʷrbiʃ,χr.biʃ,,,part of a Koranic school
1546,ʃbbiħ,ʃb.biħ,,,step (walking)
1547,zraj,z.raj,,,passage
1552,frdi,fr.di,,,pasture grazing action of eating (animals)
1553,dikl,di.kl,,,palm
1554,irgl,ir.gl,,,eyelid
1555,gllin,gl.lin,,,"poor, pitiful"
1556,mazir,ma.zir,,,"country, region"
1557,lm,lm,,,skin
1558,ifrir,if.rir,,,skin (boiled milk)
1559,fjjuʃ,fj.juʃ,,,skin of argan fruit
1560,!hidur,hi.dur,,,sheepskin
1561,iliwʃ,i.li.wʃ,,,sheepskin to sit
1562,!sjjad,sj.jad,,,fisherman or hunter
1566,sbbaʁ,sb.baʁ,,,painter (non-artistic painting)
1569,fala,fa.la,,,shovel to introduce flat bread ...
1570,frkki,frk.ki,,,"film, crust"
1571,ilmʃ,i.lmʃ,,,peel
1573,!bʒdid,bʒ.did,,,penis
1574,!bazza,baz.za,,,penis
1575,bakku,bak.ku,,,animal penis
1576,swingim,s.win.gim,,,"thought, reflection"
1578,aggsar,ag.g.sar,,,sloping ravine
1581,!grnid,gr.nid,,,partridge
1582,skkur,sk.kur,,,partridge
1583,agʷri,ag.ri,,,peril
1584,bijrkan,bi.jr.kan,,,filthy person
1585,mdallu,m.dal.lu,,,person without self-esteem
1586,uʒliχ,uʒ.liχ,,,very dirty person
1587,!ssdl,ss.dl,,,small tub
1588,!lfdur,lf.dur,,,breakfast
1592,ʁrʁur,ʁr.ʁur,,,small hand mill
1593,ddwajri,dd.waj.ri,,,parlor
1597,mʒiwʒ,m.ʒi.wʒ,,,small tornado
1599,awda,aw.da,,,"fear, fright"
1600,!dar,dar,,,foot
1602,!zru,z.ru,,,stone
1603,aggun,ag.gun,,,stone
1604,smsd,sm.sd,,,"whetstone, sharpening"
1605,nk,nk,,,stone fireplace
1606,tbir,t.bir,,,pigeon
1608,ubuk,u.buk,,,pounding
1611,amur,a.mur,,,pestle
1612,sakkʷm,sak.km,,,pestle
1613,sabbuk,sab.buk,,,"pestle, mallet"
1614,fifl,fi.fl,,,chili (du)
1616,sbbunz,sb.bu.nz,,,pinch
1617,bbuniz,b.bu.niz,,,Pinch
1621,glzim,gl.zim,,,pickaxe
1624,agus,a.gus,,,"picket, stake"
1626,zaʁar,za.ʁar,,,plain
1627,smummi,s.mum.mi,,,complaint
1630,!lħdr,lħ.dr,,,joke
1632,!uzu,u.zu,,,seedling
1633,brsmmum,br.sm.mum,,,plant with acidic taste
1634,baʃil,ba.ʃil,,,sole (of foot)
1635,fzi,f.zi,,,species of mugwort
1637,fllun,fl.lun,,,earthenware dish for bread
1638,!rbʕi,rb.ʕi,,,tray made of palm leaves
1640,!nidi,ni.di,,,fold
1643,!nzar,n.zar,,,rain
1644,!rʃʃaʃ,rʃ.ʃaʃ,,,very light rain
1645,natuf,na.tuf,,,"plucked (of an animal, e.g., lost feathers or fur)"
1647,lʒib,l.ʒib,,,pocket
1648,lmqla,l.mq.la,,,stove
1649,zli,z.li,,,poem
1651,!nddam,nd.dam,,,"poet; poem, poetry, poet, wife, job, art of the poet"
1653,!ummaz,um.maz,,,handle
1654,!ummiz,um.miz,,,handle
1655,izbl,iz.bl,,,hair
1656,slm,slm,,,fish
1657,dmr,d.mr,,,chest
1658,gnannaj,g.nan.naj,,,polished and rounded (stone)
1659,!sgutti,s.gut.ti,,,spawn
1660,aruʃ,a.ruʃ,,,porcupine
1661,flu,f.lu,,,portal
1662,aggur,ag.gur,,,portal
1666,massaj,mas.saj,,,"carrier, transporter"
1667,grrab,gr.rab,,,carrier of water
1669,nmdaj,nm.daj,,,setter of traps
1670,gʷnnir,gn.nir,,,"ass, backside"
1671,ʃigim,ʃi.gim,,,terracotta pot
1672,ʒwwal,ʒw.wal,,,pot for plants
1673,gʷmz,gmz,,,inch
1674,nʁda,nʁ.da,,,"powder, grind"
1675,nʁʷr,n.ʁr,,,chicken coop
1676,ʒdaʕ,ʒ.daʕ,,,foal
1678,zajz,za.jz,,,octopus
1679,χuʒmu,χuʒ.mu,,,decay
1680,nttaw,nt.taw,,,thrust
1683,ʁʷbbar,ʁb.bar,,,dust
1684,!gdrur,gd.rur,,,dust
1685,kjjaw,kj.jaw,,,chick
1687,gʒdi,gʒ.di,,,wooden beam
1688,mzwaru,mz.wa.ru,,,first thing
1689,mzwur,mz.wur,,,first predecessor
1694,!rttal,rt.tal,,,"loans, borrowings"
1696,matar,ma.tar,,,proof
1697,!azalli,a.zal.li,,,prayer
1698,mʁʷaj,m.ʁaj,,,taking
1699,!mmaz,m.maz,,,taking
1700,!awmmiz,a.wm.miz,,,taking both hands
1701,atig,a.tig,,,price
1702,adru,ad.ru,,,depth
1704,arraw,ar.raw,,,"offspring, progeny"
1705,smurri,s.mur.ri,,,walk
1706,murri,mur.ri,,,walk
1708,mallaj,mal.laj,,,"drive, tourism"
1709,ʒmuʕ,ʒ.muʕ,,,"talk about, chat"
1710,uʁus,u.ʁus,,,cleanliness
1711,mggan,mg.gan,,,prostitute
1713,ʒarra,ʒar.ra,,,provincial (pejorative) person
1714,ʒkʷni,ʒk.ni,,,provincial (pejorative) person
1715,qwwad,qw.wad,,,procurer
1717,nzzammu,nz.zam.mu,,,stinking
1719,!uʒʒu,uʒ.ʒu,,,stink
1720,zamma,zam.ma,,,stink
1721,ggʷrdi,g.gr.di,,,chip
1724,aggʷam,ag.gam,,,bailing water
1726,nagam,na.gam,,,whelk
1727,anu,a.nu,,,well
1729,tamimt,ta.mi.mt,,,quality that is sweet
1730,sqsi,sq.si,,,issue interrogation
1732,mʁil,m.ʁil,,,tail
1733,!mjjad,mj.jad,,,someone having the evil eye
1734,!mlzi,ml.zi,,,one who has a sprain
1735,mʕkas,mʕ.kas,,,one who likes to oppose
1736,!mittus,mit.tus,,,"one who sleeps all the time, lazy person"
1737,mssfld,ms.s.fld,,,"listener, like in a radio audience"
1738,msl,m.sl,,,saddle
1739,!zur,zur,,,"root, nerve"
1740,!krad,k.rad,,,scraping
1742,!zzgd,zz.gd,,,rage
1743,!sid,sid,,,rage
1744,!adil,a.dil,,,grapes
1745,zdam,z.dam,,,wood collection
1748,nzdam,nz.dam,,,gatherer of wood
1749,glu,g.lu,,,oar
1750,nbdad,nb.dad,,,banister
1751,sbri,sb.ri,,,grater
1752,bllaʁ,bl.laʁ,,,"protractor, rapporteur"
1753,ngul,n.gul,,,cactus racket
1754,!nrfd,nr.fd,,,spleen
1755,!izi,i.zi,,,spleen
1756,ʁzr,ʁ.zr,,,ravine
1757,!znzar,zn.zar,,,sunbeam
1758,!krraʒ,kr.raʒ,,,scratch
1760,siggl,sig.gl,,,research
1761,lukaf,lu.kaf,,,rubber container (part of waterwheel)
1762,anas,a.nas,,,copper
1763,allas,al.las,,,resumption
1766,!aʁʁad,aʁ.ʁad,,,straightness
1768,smmaql,sm.ma.ql,,,look
1769,qzzaz,qz.zaz,,,stare
1773,!msttr,m.st.tr,,,ruler to draw
1775,!grwaz,gr.waz,,,regret
1777,!gzzl,gz.zl,,,"kidney, kidney"
1778,baʁuʁ,ba.ʁuʁ,,,fox
1779,lmuggar,l.mug.gar,,,"meeting, moussem (Mawsim, a religious festival)"
1782,irm,i.rm,,,meal
1783,utʃi,ut.ʃi,,,meal
1785,sunfu,sun.fu,,,rest
1790,magur,ma.gur,,,resting person
1793,!uzzig,uz.zig,,,milking (result of)
1794,!matul,ma.tul,,,latecomer
1795,murig,mu.rig,,,"singing, poetry"
1798,amun,a.mun,,,"meeting, company"
1799,wargi,war.gi,,,dream
1801,krraʃ,kr.raʃ,,,"wrinkle, fold"
1802,saru,sa.ru,,,channel
1803,assas,as.sas,,,"rigor (character, economics), austerity"
1806,!adsa,ad.sa,,,laugh
1808,!sdsu,sd.su,,,laughingstock
1809,!ʒarif,ʒa.rif,,,rock
1810,gllid,gl.lid,,,king
1812,sχurru,s.χur.ru,,,snoring
1815,sħarraj,s.ħar.raj,,,purring
1818,ʁalim,ʁa.lim,,,reed
1819,ʃʃwa,ʃʃ.wa,,,roast
1821,ʃwwaj,ʃw.waj,,,roaster
1822,!zggʷaʁ,zg.gaʁ,,,red thing
1823,!zuʁi,zu.ʁi,,,redness
1824,anig,a.nig,,,rust
1825,qʷnʒlli,qn.ʒl.li,,,"roulade, acrobatics"
1826,ħlullu,ħ.lul.lu,,,"roll, somersault"
1830,iqqr,iq.qr,,,kick
1831,sfuqqr,s.fuq.qr,,,kick
1832,suk,suk,,,street
1836,χrabbu,χ.rab.bu,,,ruin
1837,mlal,m.lal,,,sand
1838,fnʃkkr,fn.ʃk.kr,,,hoof
1842,qʷrab,q.rab,,,pannier
1844,wnzr,wn.zr,,,nosebleed
1846,gʷrram,gr.ram,,,saint
1848,zlmammu,zl.mam.mu,,,salamander
1849,mrku,mr.ku,,,dirty person
1851,!msri,ms.ri,,,living room
1856,!urzij,ur.zij,,,sandal
1857,ilf,i.lf,,,boar
1863,blis,b.lis,,,Satan
1864,aʃitan,a.ʃi.tan,,,discord
1865,ʒʒiwn,ʒ.ʒi.wn,,,satiety
1867,!andra,a.nd.ra,,,"jump, range of a jump"
1872,!brran,br.ran,,,wild (cat)
1873,fhim,f.him,,,scientist
1874,ussna,us.s.na,,,knowledge
1876,!fddaħ,fd.daħ,,,scandal
1877,ʃʃmutit,ʃʃ.mu.tit,,,"scandal, calamity (weak sense)"
1878,gʷmaj,g.maj,,,"scansion, spelling"
1879,giʒʒi,giʒ.ʒi,,,beetle
1881,qnrif,qn.rif,,,palm tip
1882,ʁirdm,ʁir.dm,,,scorpion
1913,aga,a.ga,,,leather bucket
1916,uzu,u.zu,,,drought
1917,aʁar,a.ʁar,,,drought
1920,ndudi,n.du.di,,,shock
1923,isn,i.sn,,,salt
1924,arik,a.rik,,,saddle
1926,baddaz,bad.daz,,,cornmeal
1931,sbaʕi,s.ba.ʕi,,,seventh
1932,galli,gal.li,,,oath
1933,bnkal,bn.kal,,,snake
1934,!lgʷmad,lg.mad,,,snake
1935,!bbaʃkar,b.baʃ.kar,,,"talons, claws"
1936,asad,a.sad,,,"lock, lock"
1937,sχχar,sχ.χar,,,servant
1943,!snsg,sn.sg,,,whistle
1946,!drf,drf,,,furrow
1947,sraf,s.raf,,,silo
1949,gʷrsa,gr.sa,,,ploughshare
1950,rifi,ri.fi,,,thirst
1951,rifi,ri.fi,,,"thirst, drought, dryness"
1952,!ʕskri,ʕ.sk.ri,,,soldier
1953,afuk,a.fuk,,,sun
1955,dwas,d.was,,,soundness
1956,mʕzul,mʕ.zul,,,"solitary thing, typically a person"
1957,!ids,i.ds,,,sleep
1958,nuddm,nud.dm,,,drowsiness
1962,sħħar,sħ.ħar,,,"sorcerer, magician"
1963,ʃwari,ʃ.wa.ri,,,sort of pack
1964,ikiw,i.kiw,,,kind of cactus
1965,!kʒbud,kʒ.bud,,,kind of cactus
1966,hjjad,hj.jad,,,kind of dance
1969,!brdag,br.dag,,,kind of fish
1971,blaʁ,b.laʁ,,,kind of fish
1972,sargal,sar.gal,,,Bluefish
1973,!warzzan,wa.rz.zan,,,a kind of beetle
1975,!zdud,z.dud,,,kind of bird
1976,bajħ,ba.jħ,,,kind of bird
1977,ufuʁ,u.fuʁ,,,exit
1980,mrwas,mr.was,,,"double, doppleganger"
1981,!gʒʒa,gʒ.ʒa,,,tree stump 
1982,sggʷnfs,sg.gn.fs,,,"breath, breathing"
1985,askkif,a.sk.kif,,,soup
1987,ʁbalu,ʁ.ba.lu,,,spring
1989,!drdur,dr.dur,,,deaf
1990,ʁrda,ʁr.da,,,mouse
1991,!amdlus,a.md.lus,,,sneaky person or animal
1996,ikʷljan,i.kl.jan,,,soot
1997,!ndfur,nd.fur,,,next person or thing
2002,nbdad,nb.dad,,,supervisor
2003,nflus,nf.lus,,,supervisor appointed by the Djemaa
2006,aggʷal,ag.gal,,,suspension
2007,lluħ,l.luħ,,,"table, board"
2008,!brbʃ,br.bʃ,,,stain
2010,!brbaʃ,br.baʃ,,,spotted
2011,brar,b.rar,,,spotted
2012,gadda,gad.da,,,"size, dimension, equality"
2013,iddi,id.di,,,"size, standing"
2017,llun,l.lun,,,tambourine
2018,gwwal,gw.wal,,,tambourine
2021,!zazu,za.zu,,,noise
2022,sqqrbl,sq.qr.bl,,,"noise, uproar, fuss"
2023,!zrbi,zr.bi,,,carpet
2024,ħnbl,ħn.bl,,,carpetblanket
2025,mdduz,md.duz,,,heap
2026,gudi,gu.di,,,heap
2027,mqquz,mq.quz,,,pile of dung
2028,krkur,kr.kur,,,pile of stones
2029,!rrʃm,rr.ʃm,,,tattoo
2031,rʃʃam,rʃ.ʃam,,,tattooist
2032,wmmat,wm.mat,,,bull
2034,!aʒʒid,aʒ.ʒid,,,ringworm (skin infection)
2035,lkif,l.kif,,,cannabis
2036,!mʒʒud,mʒ.ʒud,,,person with ringworm infection
2037,ʒiχχi,ʒiχ.χi,,,sandstorm
2041,!gitun,gi.tun,,,tent
2042,akal,a.kal,,,land
2043,dqqi,dq.qi,,,terracotta (object made of ...)
2044,zgʷi,z.gi,,,shard
2045,!frzzi,frz.zi,,,"shard, splinter"
2046,glaj,g.laj,,,testicle
2047,iχf,i.χf,,,head
2048,gajju,gaj.ju,,,head
2050,ataj,a.taj,,,tea
2051,lbrrad,l.br.rad,,,tea-pot
2052,ulbu,ul.bu,,,"tepidity, quality of being lukewarm"
2054,lhaffa,l.haf.fa,,,wig
2055,ʃakuk,ʃa.kuk,,,wig
2056,nħʃum,nħ.ʃum,,,"shy, modest"
2057,slluf,sl.luf,,,tick
2058,ʒbbud,ʒb.bud,,,pulling
2059,aldaj,al.daj,,,pulling
2062,safu,sa.fu,,,"ember, brand"
2066,tilist,ti.li.st,,,fleece
2067,!mdl,m.dl,,,"grave, grave slab"
2069,mlas,m.las,,,shearer
2071,ggig,g.gig,,,thunder
2072,alas,a.las,,,shearing
2075,sslaj,ss.laj,,,roasting
2076,buttgra,but.tg.ra,,,turtle
2078,uggra,ug.g.ra,,,touch
2080,griwl,g.ri.wl,,,tour
2081,!ndaf,n.daf,,,turn of duty
2082,sutl,su.tl,,,"turn, pass, circumvention"
2087,usu,u.su,,,cough
2091,lʁʷdr,lʁ.dr,,,betrayal
2092,krr,krr,,,"trail, trace, worn thing"
2095,!sttar,st.tar,,,"line, made with writing instrument"
2096,sldi,sl.di,,,line (harness)
2098,ʁʷddar,ʁd.dar,,,traitor
2099,mʁdar,mʁ.dar,,,traitor
2100,assaj,as.saj,,,transport
2101,lχdm,lχ.dm,,,work
2102,ʃʃʁʷl,ʃʃ.ʁl,,,"work, occupation"
2105,mʃʁal,mʃ.ʁal,,,"hard working, worker"
2106,χddam,χd.dam,,,"worker, worker"
2107,zzgr,zz.gr,,,"crossing, crossing over"
2109,argagaj,ar.ga.gaj,,,tremor
2110,argiga,ar.gi.ga,,,tremor
2112,wargiga,war.gi.ga,,,shaking
2113,zlag,z.lag,,,braiding
2114,!kjjud,kj.jud,,,plait
2116,staj,s.taj,,,"sorting, filtering"
2118,mʁʃuʃ,mʁ.ʃuʃ,,,cheater
2122,sagʷl,sa.gl,,,tripe
2125,kʷnnad,kn.nad,,,misleading
2126,ʃnbi,ʃn.bi,,,hole
2127,nqbi,nq.bi,,,hole
2128,niʁi,ni.ʁi,,,person killed in action
2130,qttal,qt.tal,,,killer
2131,fttak,ft.tak,,,"killer, slaughterer"
2132,!ddsar,dd.sar,,,turbulence
2133,basli,bas.li,,,"turbulence, lack of discipline"
2134,ʒʕbub,ʒʕ.bub,,,pipe
2135,qadus,qa.dus,,,pipe
2136,!ibzdan,i.bz.dan,,,urine
2139,fʃku,fʃ.ku,,,utensil
2140,srwi,sr.wi,,,utensil to mix
2141,ruku,ru.ku,,,utensil
2142,mazʁa,maz.ʁa,,,amazighness
2145,lulli,lul.li,,,vagrancy
2146,lullu,lul.lu,,,vagrancy
2147,bʃʃi,bʃ.ʃi,,,vagina
2148,ʃttir,ʃt.tir,,,vagina
2151,sggʷi,sg.gi,,,"van, trash basket"
2152,!zwaj,z.waj,,,winnowing
2153,ginan,gi.nan,,,valve
2156,!mzwaj,mz.waj,,,winnower
2157,rigg,rig.g,,,steam
2158,lʁʷrraf,l.ʁr.raf,,,drinking vessel
2159,ʁʷrraf,ʁr.raf,,,drinking vessel
2160,llullu,l.lul.lu,,,wallowing
2161,ʕlluʃ,ʕl.luʃ,,,veal
2164,wiz,wiz,,,eve
2165,wizi,wi.zi,,,support vigil
2169,!ħbbud,ħb.bud,,,belly
2170,ħlig,ħ.lig,,,belly
2171,buχχu,buχ.χu,,,worm
2172,zgzu,zg.zu,,,"freshness, greenery"
2173,mʁil,m.ʁil,,,penis
2174,!sllab,sl.lab,,,"rod, whip"
2175,urti,ur.ti,,,orchard
2176,madl,ma.dl,,,slope
2178,zgzaw,zg.zaw,,,green
2180,kuʃʃi,kuʃ.ʃi,,,"vesse, flatulence"
2183,adgal,ad.gal,,,widower
2186,ʁrsi,ʁr.si,,,"victim, sacrifice in a festival"
2187,tudrt,tu.drt,,,"life, survival"
2188,fqqir,fq.qir,,,old person
2189,ʃiban,ʃi.ban,,,old person
2191,nbur,n.bur,,,"old bachelor, spinster"
2192,bninka,b.nin.ka,,,viper
2193,udm,u.dm,,,face
2195,nrzif,nr.zif,,,visitor
2196,ddr,d.dr,,,"living person (first name, used after preceding baby lost)"
2197,ʁnbur,ʁn.bur,,,veil
2200,!addʒar,ad.d.ʒar,,,neighbor
2201,!ukkrda,uk.kr.da,,,flight
2202,mχχar,mχ.χar,,,flight
2203,ajlal,aj.lal,,,"volatile, bird"
2208,mχχar,mχ.χar,,,thief
2209,mikr,mi.kr,,,thief
2210,makar,ma.kar,,,thief
2211,!ʃffar,ʃf.far,,,"thief, swindler"
2214,muddu,mud.du,,,travel
2216,nmaddu,n.mad.du,,,traveler
2217,!zri,z.ri,,,view
2218,ʁʷri,ʁ.ri,,,dinghy
2222,mkil,m.kil,,,plate
2223,!fdna,fd.na,,,water boiler
2225,ʃiʃ,ʃiʃ,,,esparto cup
2226,ħkuk,ħ.kuk,,,pancake
2228,agʷlla,a.gl.la,,,cereal porridge
2229,ummi,um.mi,,,flour dough
2230,lχʃa,lχ.ʃa,,,broad bean porridge
2234,argan,ar.gan,,,"argan (tree, oil)"
2235,ur,ur,,,lung
2236,iʁil,i.ʁil,,,arm
2237,!nutfi,nut.fi,,,water cistern
2238,zinna,zin.na,,,sling
2250,!drf,drf,,,furrow
2251,!dwwar,dw.war,,,hamlet
2252,!grd,grd,,,a higher
2253,!zlmad,zl.mad,,,left
2255,!bifandi,bi.fan.di,,,forbidden thing
2256,!brra,br.ra,,,countryside
2257,!dariba,da.ri.ba,,,tax
2258,!ddamn,d.da.mn,,,"warranter, like a co-signer on a loan"
2259,!ddhr,dd.hr,,,back
2260,!addif,ad.dif,,,guest
2261,!ddur,d.dur,,,round
2262,!ddraf,dd.raf,,,kindness
2263,!garru,gar.ru,,,cigarettes
2264,!ħurma,ħur.ma,,,mercy
2265,!ndalab,n.da.lab,,,beggars
2266,!laraf,la.raf,,,"police patrol, raid or roundup"
2267,!lasl,la.sl,,,origin
2269,!laz,laz,,,hunger
2271,!lbadl,l.ba.dl,,,calumny
2272,!lbaraka,l.ba.ra.ka,,,benediction
2273,!lbisara,l.bi.sa.ra,,,bean soup
2274,!lblas,lb.las,,,place
2275,!lbsir,lb.sir,,,blind person
2276,!lbzdam,l.bz.dam,,,purse
2277,!lfdl,lf.dl,,,profit
2278,!lfʒr,lf.ʒr,,,dawn
2279,!lgaraʒ,l.ga.raʒ,,,garage
2280,!lhdrt,lh.drt,,,joke
2281,!lħħram,lħ.ħ.ram,,,sinful thing
2282,!lħrb,l.ħrb,,,battle
2283,!lizar,li.zar,,,sheet
2284,!lkaskrut,l.ka.sk.rut,,,snack
2286,!lkiʁd,l.ki.ʁd,,,marriage certificate
2287,!lkrrusa,l.kr.ru.sa,,,cart
2288,!lksida,lk.si.da,,,accident
2289,!llah,l.lah,,,God
2290,!llaʒr,l.la.ʒr,,,reward
2291,!lmarka,l.mar.ka,,,brand
2292,!lmjadi,lm.ja.di,,,ablutions room
2293,!lmntiħ,l.mn.tiħ,,,dunce
2294,!lmraʃʃa,lm.raʃ.ʃa,,,perfume spray
2295,!lmrʒl,l.mr.ʒl,,,bucket
2296,!lmsχut,l.ms.χut,,,who obtains wrath of parents
2297,!lmusiba,l.mu.si.ba,,,disaster
2298,!lmzʁub,l.mz.ʁub,,,unthankful
2299,!lmʕruf,l.mʕ.ruf,,,sacrifical slaughter
2300,!lqadi,l.qa.di,,,judge
2301,!lqadija,l.qa.di.ja,,,affair
2302,!lqsar,lq.sar,,,a party
2303,!lʁar,l.ʁar,,,cave
2304,!lʁarad,l.ʁa.rad,,,"business, purpose"
2305,!lutar,lu.tar,,,lute
2307,!lʕarada,l.ʕa.ra.da,,,honor
2308,!lʕbr,lʕ.br,,,measure of seeds
2309,!lʕmmr,l.ʕm.mr,,,lifetime
2310,!lʕrbun,l.ʕr.bun,,,retainer
2311,!lʕrg,l.ʕrg,,,sweat
2312,!lχatr,l.χa.tr,,,mind
2315,!lkbbut,l.kb.but,,,coat
2316,!nnaʃat,n.na.ʃat,,,activity
2317,!nndm,nn.dm,,,"poetry, chant"
2318,!nnur,n.nur,,,light
2319,!nss,ns.s,,,half
2320,!ʁass,ʁas.s,,,today
2321,!rbbi,rb.bi,,,"God, more general term than Allah"
2322,!rraħ,r.raħ,,,rest
2323,!rrami,r.ra.mi,,,male person
2324,!rrawda,r.raw.da,,,cemetery
2325,!rrbiʕ,rr.biʕ,,,green plants
2326,!rrda,rr.da,,,blessing
2329,!rrubuʕ,r.ru.buʕ,,,quarter
2330,!rrsas,rr.sas,,,"lead, munitions"
2331,!rruħ,r.ruħ,,,soul
2332,!rrzq,rr.zq,,,livelihood
2333,!ssaħb,s.sa.ħb,,,owner
2334,!sbaħ,s.baħ,,,morning
2335,!suldi,sul.di,,,nothing
2336,!ssabi,s.sa.bi,,,"boy, girl"
2337,!ssadaqa,s.sa.da.qa,,,charity
2338,!ʃʃafur,ʃ.ʃa.fur,,,driver
2340,!ssgit,ss.git,,,meat carcass
2341,!sshd,ss.hd,,,heat
2342,!ʃʃitan,ʃ.ʃi.tan,,,Satan
2344,!ssltan,s.sl.tan,,,Sultan
2345,!ssnduq,s.sn.duq,,,a wooden box
2346,!ssniʕ,ss.niʕ,,,practice
2347,!ʃʃraʕ,ʃʃ.raʕ,,,"Law, justice"
2348,!ʃʃrd,ʃ.ʃrd,,,condition (an if statement)
2349,!ssrf,s.srf,,,exchange
2350,!ssuq,s.suq,,,market
2352,!mubil,mu.bil,,,a car
2353,!rrbiʕ,rr.biʕ,,,box
2357,!tsrfiqa,t.sr.fi.qa,,,a slap
2358,!ttalb,t.ta.lb,,,master
2359,!ttaʒin,t.ta.ʒin,,,tajine
2360,!tbla,tb.la,,,tray
2361,!tijara,ti.ja.ra,,,airplanes
2362,!ttir,t.tir,,,a bird
2363,!ttms,t.tms,,,"dunce, stupidity"
2364,!ttmʕ,t.tmʕ,,,greed
2366,!ttul,t.tul,,,length
2367,!tʕam,t.ʕam,,,food
2369,!zzhr,zz.hr,,,luck
2370,!zzizwar,z.ziz.war,,,shaver
2371,!zʕdud,zʕ.dud,,,monkey
2373,!qqndar,q.qn.dar,,,quintal
2374,!tbsil,tb.sil,,,dish
2375,!zalim,za.lim,,,onion
2377,brrani,br.ra.ni,,,foreigner
2378,brʒwazi,brʒ.wa.zi,,,Bourgeois
2379,adis,a.dis,,,stomach
2381,fasi,fa.si,,,from Fes
2381,fasi,fa.si,,,straight
2383,gʷns,gns,,,inside
2384,gʷri,g.ri,,,"perile, doom"
2385,ħttab,ħt.tab,,,woodcutter
2386,ħwaʃ,ħ.waʃ,,,festive round
2387,gʷma,g.ma,,,"brother, sister"
2388,mrrakʃi,mr.rak.ʃi,,,Marrakchi
2390,mttʃu,mt.t.ʃu,,,food
2391,amud,a.mud,,,seed
2392,nʃajwi,n.ʃaj.wi,,,canabis smoker
2394,ʁanim,ʁa.nim,,,reed
2395,ʃfnaʒ,ʃf.naʒ,,,"beignet maker, seller"
2396,ʃfnaʒi,ʃf.na.ʒi,,,Manufacturer of beignet
2397,sga,s.ga,,,cheek
2398,sʕdi,sʕ.di,,,lucky person
2399,wttu,wt.tu,,,plot
2400,χmmas,χm.mas,,,sharecropper
2401,χrraz,χr.raz,,,shoemaker
2403,baba,ba.ba,,,father
2404,bba,b.ba,,,father
2405,lbgri,l.bg.ri,,,cattle
2406,bnadm,b.na.dm,,,human being
2407,bulhmum,bu.lh.mum,,,"careworn person, worrier"
2408,ddarak,d.da.rak,,,gendarmerie
2409,ddhb,d.dhb,,,gold
2410,ddibbu,d.dib.bu,,,depot
2411,ddikr,d.di.kr,,,qoran reading
2412,ddl,d.dl,,,submission
2413,ddnb,d.dnb,,,a sin
2414,ddri,dd.ri,,,"child, children"
2416,ddrʕ,d.drʕ,,,coercion
2417,dduni,d.du.ni,,,life
2418,dduzan,d.du.zan,,,tools
2419,ddwa,dd.wa,,,medication
2420,frank,f.ra.nk,,,Franc
2422,ħnna,ħn.na,,,"cherished person, like family member"
2424,!dgam,d.gam,,,yesterday
2425,drbal,dr.bal,,, used clothings
2426,flani,f.la.ni,,,unknown
2427,gdmi,gd.mi,,,guests
2428,iwi,i.wi,,,"daughter, son"
2431,immi,im.mi,,,mother
2432,inna,in.na,,,mother
2434,ʃkkam,ʃk.kam,,,informer
2437,kilu,ki.lu,,,kilogram
2438,lmakan,l.ma.kan,,,place
2439,ladab,la.dab,,,politeness
2440,lħkam,lħ.kam,,,judgements
2441,laman,la.man,,,security
2442,lamin,la.min,,,representative of craftsmen
2443,lantrit,la.nt.rit,,,retirement
2444,lamr,la.mr,,,order
2445,lwali,l.wa.li,,,saints
2446,lbab,l.bab,,,door
2447,lbaki,l.ba.ki,,,packet
2448,lbakur,l.ba.kur,,,early figs
2449,lbaʃa,l.ba.ʃa,,,"Pacha, government employee, regional"
2450,lbbun,lb.bun,,,butts
2451,lbhim,lb.him,,,beast
2452,lbħr,lb.ħr,,,sea
2453,lbiru,l.bi.ru,,,headquarters of the authorities
2454,lbit,l.bit,,,room
2455,lbiʕ,l.biʕ,,,sale
2456,lbulis,l.bu.lis,,,police
2457,lbunja,l.bun.ja,,,fist
2458,buʒadi,bu.ʒa.di,,,"provincial person, naive"
2459,lfal,l.fal,,,omen
2460,lfatħa,l.fat.ħa,,,Fatiha (sourat)
2461,lflus,lf.lus,,,money
2462,lfqqih,l.fq.qih,,,master
2463,lfrħ,l.frħ,,,festivity
2464,lgajla,l.gaj.la,,,part of the day before noon
2465,lgnbri,l.gnb.ri,,,sort of traditional lute
2466,lgrgaʕ,l.gr.gaʕ,,,nut
2467,lgrʃ,l.grʃ,,,old silver coin; currency/jewel
2469,lħal,l.ħal,,,"time, state"
2471,lħanan,l.ħa.nan,,,tenderness
2472,lħaqiqa,l.ħa.qi.qa,,,truth
2473,lħaqq,l.ħaq.q,,,law
2475,lhbal,lh.bal,,,madness
2476,lħbs,lħ.bs,,,jail
2478,lħil,l.ħil,,,"cunningness, cleverness"
2479,lhiʃ,l.hiʃ,,,beast
2480,lħiʒ,l.ħiʒ,,,pilgrimage
2481,lħja,lħ.ja,,,modesty
2482,lħkma,l.ħk.ma,,,wisdom
2483,lħlqa,l.ħl.qa,,,round theater
2484,lħlluf,l.ħl.luf,,,bear
2485,lħml,lħ.ml,,,weight
2486,lħmmam,l.ħm.mam,,,bath
2487,lhna,lh.na,,,peace
2488,lħnan,lħ.nan,,,tenderness
2489,lhrawa,lh.ra.wa,,,bludgeon
2490,lħrf,l.ħrf,,,letter
2491,lhri,lh.ri,,,shop
2492,lħrkt,l.ħr.kt,,,movement
2493,lħaʒ,l.ħaʒ,,,clothes
2494,liqqam,liq.qam,,,mint
2495,liʒar,li.ʒar,,,salary
2496,liχrt,li.χrt,,,Judgment Day
2497,lkarim,l.ka.rim,,,generous person
2498,lkas,l.kas,,,cup
2499,!lkrrusa,l.kr.ru.sa,,,carts
2499,!llkrrusa,ll.kr.ru.sa,,,carts
2500,lkʃif,lk.ʃif,,,difficulty
2501,lksut,lk.sut,,,cloth
2502,lkttan,l.kt.tan,,,tissue
2503,lkʷrsi,l.kr.si,,,chair
2504,lbur,l.bur,,,fallow land
2505,llitʃin,l.lit.ʃin,,,orange
2506,lkumisir,l.ku.mi.sir,,,police commissioner
2507,lmʒrr,l.mʒ.rr,,,drawer
2508,lqhwa,l.qh.wa,,,coffee
2509,lltam,ll.tam,,,veil
2510,lχzin,lχ.zin,,,storage
2511,lmaħal,l.ma.ħal,,,location
2512,lmal,l.mal,,,money
2515,lmaqam,l.ma.qam,,,"place, position"
2516,lmasala,l.ma.sa.la,,,problem
2517,lmaʕun,l.ma.ʕun,,,utensil
2518,lmdin,lm.din,,,city
2519,lmħkma,lm.ħk.ma,,,court
2522,lmliħ,lm.liħ,,,good quality
2523,lmllaħ,l.ml.laħ,,,l-mllaħ
2524,mljun,ml.jun,,,millions
2525,lmqddm,lm.qd.dm,,,chief
2527,lmskin,l.ms.kin,,,poor person
2528,lmʃmaʃ,l.mʃ.maʃ,,,apricot
2529,lmudakara,l.mu.da.ka.ra,,,conversation
2530,lmuddn,l.mud.dn,,,muezzin
2531,lmudʕ,l.mu.dʕ,,,place
2532,lmufallis,l.mu.fal.lis,,,loser
2533,lmuħsin,l.muħ.sin,,,beneficents
2534,lmuqqf,l.muq.qf,,,main square
2535,lmusamiħa,l.mu.sa.mi.ħa,,,forgiveness
2536,lmuss,l.muss,,,knife
2537,lmʒrtl,lm.ʒr.tl,,,vagabond
2538,lmʕlm,lm.ʕlm,,,professional person
2539,lmʕqqul,lm.ʕq.qul,,,seriousness
2541,lmχzn,l.mχ.zn,,,Authority
2542,lqanun,l.qa.nun,,,law
2543,qhwi,qh.wi,,,coffee
2544,ʃibi,ʃi.bi,,,blue sky
2545,smawi,s.ma.wi,,,blue sky
2546,lqijama,l.qi.ja.ma,,,"day of retribution, Judgment Day"
2547,lqndil,l.qn.dil,,,torch
2548,lqajd,l.qa.jd,,,mayor
2549,qhwaʒi,qh.wa.ʒi,,,cafe owner
2550,lqmr,lq.mr,,,gambling
2551,lqsb,l.qsb,,,casbah
2552,lqsr,lq.sr,,,palace
2553,lʁaba,l.ʁa.ba,,,a forest
2554,lʁadab,l.ʁa.dab,,,anger
2555,lʁasul,l.ʁa.sul,,,lavender
2556,lʁʷdr,lʁ.dr,,,treason
2557,ttaman,t.ta.man,,,price
2558,luqid,lu.qid,,,matches
2559,luq,luq,,,time
2560,lutiq,lu.tiq,,,document
2561,luzin,lu.zin,,,factories
2562,luzir,lu.zir,,,minister
2563,lwalid,l.wa.lid,,,parents
2564,lʒam,l.ʒam,,,bridle (for a horse)
2565,lʒdid,lʒ.did,,,new thing
2566,lʒiht,l.ʒi.ht,,,region
2567,lʒmaʕ,lʒ.maʕ,,,community
2568,lʒn,l.ʒn,,,paradise
2570,lʕadad,l.ʕa.dad,,,number
2571,lʕahd,l.ʕa.hd,,,promise
2572,lʕaql,l.ʕa.ql,,,brain
2573,lʕar,l.ʕar,,,protection
2574,lʕaʒab,l.ʕa.ʒab,,,oddities
2575,lʕadl,l.ʕa.dl,,,notary
2576,lʕfrit,l.ʕf.rit,,,devil
2577,lʕib,l.ʕib,,,default
2578,lʕibada,l.ʕi.ba.da,,,worship
2579,lʕid,l.ʕid,,,holiday
2580,lʕlf,l.ʕlf,,,"feed, ration"
2581,lʕunwan,l.ʕun.wan,,,adress
2582,lʕwin,lʕ.win,,,food
2583,lχatm,l.χa.tm,,,ring
2584,lχatr,l.χa.tr,,,mind
2585,lχir,l.χir,,,heavenly manna
2586,lχla,lχ.la,,,outside
2587,lχlq,l.χlq,,,creature
2588,lχnʃt,l.χn.ʃt,,,sack
2589,lχuf,l.χuf,,,fear
2590,lχumus,l.χu.mus,,,a fifth
2591,lχuχ,l.χuχ,,,peach fruit
2592,lχʷlas,lχ.las,,,payroll
2594,lmudda,l.mud.da,,,duration
2595,nnbi,nn.bi,,,prophet
2597,nnikaħ,n.ni.kaħ,,,marriage
2598,nniʃan,n.ni.ʃan,,,straight ahead
2601,nnqt,nn.qt,,,notes
2602,nnʕmt,nn.ʕmt,,,graces
2604,rrjad,rr.jad,,,big house
2605,rrwina,rr.wi.na,,,disorder
2606,rrχa,rr.χa,,,inexpensive
2607,ssbaʁ,ss.baʁ,,,painting
2608,sidi,si.di,,,"lord, saint"
2609,sksu,sk.su,,,couscous
2610,ssijid,s.si.jid,,,"saints, marabout"
2611,ʃʃafaqa,ʃ.ʃa.fa.qa,,,pity
2612,ssbib,ss.bib,,,nylon thread
2614,ʃʃfnʒ,ʃʃ.fnʒ,,,beignet
2615,ʃʃhr,ʃʃ.hr,,,month
2616,ssibab,s.si.bab,,,reason
2617,ssif,s.sif,,,sword
2619,sslam,ss.lam,,,hello
2620,ssliʕ,ss.liʕ,,,goods
2621,ssllum,s.sl.lum,,,scale
2623,ssmm,ss.mm,,,poison
2624,ʃʃqf,ʃʃ.qf,,,pipe
2625,ʃʃqa,ʃʃ.qa,,,"pain, labor"
2626,ʃʃra,ʃʃ.ra,,,purchase
2627,ʃʃrab,ʃʃ.rab,,,wine
2628,ssrbis,s.sr.bis,,,waiting line
2629,ʃʃri,ʃʃ.ri,,,cord
2630,ssrwal,s.sr.wal,,,slacks
2631,!ʃʃanti,ʃ.ʃan.ti,,,roads
2632,!ʃʃurta,ʃ.ʃur.ta,,,police
2633,brat,b.rat,,,letter
2634,buʒʒi,buʒ.ʒi,,,crowd
2635,dggʷa,dg.ga,,,evening
2636,agʷma,ag.ma,,,brotherhood
2637,aka,a.ka,,,household
2638,kuʒʒar,kuʒ.ʒar,,,without arm
2639,lluz,l.luz,,,almond
2640,llwiz,ll.wiz,,,gold pieces
2641,qbil,q.bil,,,tribe
2642,qqsri,q.qs.ri,,,large deep dish
2643,arig,a.rig,,,saddle
2645,ʃddad,ʃd.dad,,,headband
2646,asra,as.ra,,,henna
2647,ʃʃmʕ,ʃ.ʃmʕ,,,candle
2648,!ssnnar,s.sn.nar,,,hook
2649,ttffaħ,t.tf.faħ,,,apple
2650,wala,wa.la,,,round
2652,awʒa,aw.ʒa,,,crowd
2653,baʁa,ba.ʁa,,,tobacco
2655,gʷlla,gl.la,,,mush
2656,iddi,id.di,,,sweat
2657,ajjuga,aj.ju.ga,,,"pair, couple"
2658,mzgida,mz.gi.da,,,mosque
2659,zbibi,z.bi.bi,,,fruit
2660,jawil,ja.wil,,,"prudence, slowness"
2661,ttrtib,t.tr.tib,,,taxes
2662,tsmi,ts.mi,,,name
2663,tʃnniqa,t.ʃn.ni.qa,,,grabbing by the throat
2664,ttajsir,t.taj.sir,,,facility
2665,taksi,tak.si,,,taxi
2666,ttaqqalluq,t.taq.qal.luq,,,anger
2667,ttariχ,t.ta.riχ,,,date
2668,ttasiʕ,t.ta.siʕ,,,space
2669,ttaʒr,t.ta.ʒr,,,trader
2670,ttiqqa,t.tiq.qa,,,confidence
2671,wmma,wm.ma,,,heifer
2672,!uzzum,uz.zum,,,center
2674,zznniq,z.zn.niq,,,street
2675,bariq,ba.riq,,,slap
2676,ataj,a.taj,,,tea
2677,ʕisawi,ʕi.sa.wi,,,"religious brotherhood, which called Aïssaoua "
2678,zzif,z.zif,,,a scarf
2679,zzin,z.zin,,,beauty
2680,zzit,z.zit,,,olive oil
2681,zzitun,z.zi.tun,,,olive tree
2682,zzman,zz.man,,,time
2683,zzrda,z.zr.da,,,Feast
2684,zzrriʕ,z.zr.riʕ,,,grain
2685,ʒbbani,ʒb.ba.ni,,,a bowl
2686,ʒʒuʕ,ʒ.ʒuʕ,,,hunger
2687,lʕam,l.ʕam,,,two years
2688,ʕmmi,ʕm.mi,,,uncle or aunt paternal
2689,χali,χa.li,,,"uncle and aunt, mother's side"
2690,!skarraj,s.kar.raj,,,buzzer fish
2692,bijsni,bi.js.ni,,,sea ​​bream
2693,buʃawk,bu.ʃa.wk,,,seabass
2695,sargal,sar.gal,,,bluefish
2696,zggʷaʁ,zg.gaʁ,,,rooster fish
2697,sliχ,s.liχ,,,sole
2698,mrmd,mr.md,,,squid
2701,knjaw,kn.jaw,,,variety of seabream
2702,akba,ak.ba,,,fich marble